label,category,cost,throughput_kinfs,latency_ms,embed_gb,gpu,cpu,num_gpus,num_nodes,cgra,interconnect,bottleneck
1xRTX 4090,GPU-only,2600,985.9118547406384,4.154529616724738,16,RTX 4090,,1,0,,,GPU embed
1xRTX 5090,GPU-only,3300,1683.4523926020156,2.4330952380952384,16,RTX 5090,,1,0,,,GPU embed
1xA100 40GB,GPU-only,10800,1546.6036839391618,2.6483837084673096,16,A100 40GB,,1,0,,,GPU embed
2xA100 40GB,Multi-GPU,27000,2721.396540175777,1.505109578678099,16,A100 40GB,,2,0,,,GPU embed
4xA100 40GB,Multi-GPU,50000,4313.928589733626,0.9494825690317971,16,A100 40GB,,4,0,,,GPU embed
1xA100 80GB,GPU-only,15800,1972.2072096395527,2.0768608795161025,16,A100 80GB,,1,0,,,GPU embed
2xA100 80GB,Multi-GPU,33000,3359.171826595527,1.2193481642024957,16,A100 80GB,,2,0,,,GPU embed
4xA100 80GB,Multi-GPU,60000,5148.244309771181,0.7956110381603182,16,A100 80GB,,4,0,,,GPU embed
1x4-ch DDR5+RTX 4060@PCIe4,CPU+GPU,1100,141.87674313990107,32.379065870129864,16,RTX 4060,Xeon-4ch,1,1,,PCIe4,CPU embed
1x4-ch DDR5+RTX 4060@PCIe5,CPU+GPU,1100,141.87674313990107,31.527097870129865,16,RTX 4060,Xeon-4ch,1,1,,PCIe5,CPU embed
1x4-ch DDR5+RTX 4060@NVLink,CPU+GPU,1100,141.87674313990107,30.735714261240975,16,RTX 4060,Xeon-4ch,1,1,,NVLink,CPU embed
2x4-ch DDR5+RTX 4060@PCIe4,CPU+GPU,1900,280.8185264778272,18.094868243766726,16,RTX 4060,Xeon-4ch,1,2,,PCIe4,CPU embed
2x4-ch DDR5+RTX 4060@PCIe5,CPU+GPU,1900,280.8185264778272,17.242900243766726,16,RTX 4060,Xeon-4ch,1,2,,PCIe5,CPU embed
2x4-ch DDR5+RTX 4060@NVLink,CPU+GPU,1900,280.8185264778272,16.451516634877837,16,RTX 4060,Xeon-4ch,1,2,,NVLink,CPU embed
4x4-ch DDR5+RTX 4060@PCIe4,CPU+GPU,3500,555.8278479469835,10.878124167036008,16,RTX 4060,Xeon-4ch,1,4,,PCIe4,CPU embed
4x4-ch DDR5+RTX 4060@PCIe5,CPU+GPU,3500,555.8278479469835,10.026156167036007,16,RTX 4060,Xeon-4ch,1,4,,PCIe5,CPU embed
4x4-ch DDR5+RTX 4060@NVLink,CPU+GPU,3500,555.8278479469835,9.23477255814712,16,RTX 4060,Xeon-4ch,1,4,,NVLink,CPU embed
8x4-ch DDR5+RTX 4060@PCIe4,CPU+GPU,6700,1100.1574590833434,7.232039421407338,16,RTX 4060,Xeon-4ch,1,8,,PCIe4,CPU embed
8x4-ch DDR5+RTX 4060@PCIe5,CPU+GPU,6700,1100.1574590833434,6.380071421407338,16,RTX 4060,Xeon-4ch,1,8,,PCIe5,CPU embed
8x4-ch DDR5+RTX 4060@NVLink,CPU+GPU,6700,1100.1574590833434,5.588687812518449,16,RTX 4060,Xeon-4ch,1,8,,NVLink,CPU embed
16x4-ch DDR5+RTX 4060@PCIe4,CPU+GPU,13100,2177.556304973343,5.389943618790433,16,RTX 4060,Xeon-4ch,1,16,,PCIe4,CPU embed
16x4-ch DDR5+RTX 4060@PCIe5,CPU+GPU,13100,2177.556304973343,4.5379756187904325,16,RTX 4060,Xeon-4ch,1,16,,PCIe5,CPU embed
16x4-ch DDR5+RTX 4060@NVLink,CPU+GPU,13100,2177.556304973343,3.7465920099015433,16,RTX 4060,Xeon-4ch,1,16,,NVLink,CPU embed
1x4-ch DDR5+RTX PRO 4500@PCIe4,CPU+GPU,1500,141.87674313990107,31.524065870129863,16,RTX PRO 4500,Xeon-4ch,1,1,,PCIe4,CPU embed
1x4-ch DDR5+RTX PRO 4500@PCIe5,CPU+GPU,1500,141.87674313990107,30.672097870129864,16,RTX PRO 4500,Xeon-4ch,1,1,,PCIe5,CPU embed
1x4-ch DDR5+RTX PRO 4500@NVLink,CPU+GPU,1500,141.87674313990107,29.880714261240975,16,RTX PRO 4500,Xeon-4ch,1,1,,NVLink,CPU embed
2x4-ch DDR5+RTX PRO 4500@PCIe4,CPU+GPU,2300,280.8185264778272,17.239868243766725,16,RTX PRO 4500,Xeon-4ch,1,2,,PCIe4,CPU embed
2x4-ch DDR5+RTX PRO 4500@PCIe5,CPU+GPU,2300,280.8185264778272,16.387900243766726,16,RTX PRO 4500,Xeon-4ch,1,2,,PCIe5,CPU embed
2x4-ch DDR5+RTX PRO 4500@NVLink,CPU+GPU,2300,280.8185264778272,15.596516634877837,16,RTX PRO 4500,Xeon-4ch,1,2,,NVLink,CPU embed
4x4-ch DDR5+RTX PRO 4500@PCIe4,CPU+GPU,3900,555.8278479469835,10.023124167036007,16,RTX PRO 4500,Xeon-4ch,1,4,,PCIe4,CPU embed
4x4-ch DDR5+RTX PRO 4500@PCIe5,CPU+GPU,3900,555.8278479469835,9.171156167036006,16,RTX PRO 4500,Xeon-4ch,1,4,,PCIe5,CPU embed
4x4-ch DDR5+RTX PRO 4500@NVLink,CPU+GPU,3900,555.8278479469835,8.379772558147119,16,RTX PRO 4500,Xeon-4ch,1,4,,NVLink,CPU embed
8x4-ch DDR5+RTX PRO 4500@PCIe4,CPU+GPU,7100,1100.1574590833434,6.377039421407338,16,RTX PRO 4500,Xeon-4ch,1,8,,PCIe4,CPU embed
8x4-ch DDR5+RTX PRO 4500@PCIe5,CPU+GPU,7100,1100.1574590833434,5.525071421407339,16,RTX PRO 4500,Xeon-4ch,1,8,,PCIe5,CPU embed
8x4-ch DDR5+RTX PRO 4500@NVLink,CPU+GPU,7100,1100.1574590833434,4.73368781251845,16,RTX PRO 4500,Xeon-4ch,1,8,,NVLink,CPU embed
16x4-ch DDR5+RTX PRO 4500@PCIe4,CPU+GPU,13500,2177.556304973343,4.534943618790432,16,RTX PRO 4500,Xeon-4ch,1,16,,PCIe4,CPU embed
16x4-ch DDR5+RTX PRO 4500@PCIe5,CPU+GPU,13500,2177.556304973343,3.6829756187904326,16,RTX PRO 4500,Xeon-4ch,1,16,,PCIe5,CPU embed
16x4-ch DDR5+RTX PRO 4500@NVLink,CPU+GPU,13500,2177.556304973343,2.8915920099015433,16,RTX PRO 4500,Xeon-4ch,1,16,,NVLink,CPU embed
1x4-ch DDR5+RTX 4090@PCIe4,CPU+GPU,2600,141.87674313990107,31.01430977256889,16,RTX 4090,Xeon-4ch,1,1,,PCIe4,CPU embed
1x4-ch DDR5+RTX 4090@PCIe5,CPU+GPU,2600,141.87674313990107,30.16234177256889,16,RTX 4090,Xeon-4ch,1,1,,PCIe5,CPU embed
1x4-ch DDR5+RTX 4090@NVLink,CPU+GPU,2600,141.87674313990107,29.37095816368,16,RTX 4090,Xeon-4ch,1,1,,NVLink,CPU embed
2x4-ch DDR5+RTX 4090@PCIe4,CPU+GPU,3400,280.8185264778272,16.73011214620575,16,RTX 4090,Xeon-4ch,1,2,,PCIe4,CPU embed
2x4-ch DDR5+RTX 4090@PCIe5,CPU+GPU,3400,280.8185264778272,15.878144146205749,16,RTX 4090,Xeon-4ch,1,2,,PCIe5,CPU embed
2x4-ch DDR5+RTX 4090@NVLink,CPU+GPU,3400,280.8185264778272,15.086760537316861,16,RTX 4090,Xeon-4ch,1,2,,NVLink,CPU embed
4x4-ch DDR5+RTX 4090@PCIe4,CPU+GPU,5000,555.8278479469835,9.513368069475032,16,RTX 4090,Xeon-4ch,1,4,,PCIe4,CPU embed
4x4-ch DDR5+RTX 4090@PCIe5,CPU+GPU,5000,555.8278479469835,8.66140006947503,16,RTX 4090,Xeon-4ch,1,4,,PCIe5,CPU embed
4x4-ch DDR5+RTX 4090@NVLink,CPU+GPU,5000,555.8278479469835,7.870016460586143,16,RTX 4090,Xeon-4ch,1,4,,NVLink,CPU embed
8x4-ch DDR5+RTX 4090@PCIe4,CPU+GPU,8200,1100.1574590833434,5.867283323846363,16,RTX 4090,Xeon-4ch,1,8,,PCIe4,CPU embed
8x4-ch DDR5+RTX 4090@PCIe5,CPU+GPU,8200,1100.1574590833434,5.015315323846363,16,RTX 4090,Xeon-4ch,1,8,,PCIe5,CPU embed
8x4-ch DDR5+RTX 4090@NVLink,CPU+GPU,8200,1100.1574590833434,4.223931714957474,16,RTX 4090,Xeon-4ch,1,8,,NVLink,CPU embed
16x4-ch DDR5+RTX 4090@PCIe4,CPU+GPU,14600,2177.556304973343,4.025187521229457,16,RTX 4090,Xeon-4ch,1,16,,PCIe4,CPU embed
16x4-ch DDR5+RTX 4090@PCIe5,CPU+GPU,14600,2177.556304973343,3.173219521229457,16,RTX 4090,Xeon-4ch,1,16,,PCIe5,CPU embed
16x4-ch DDR5+RTX 4090@NVLink,CPU+GPU,14600,2177.556304973343,2.3818359123405677,16,RTX 4090,Xeon-4ch,1,16,,NVLink,CPU embed
1x4-ch DDR5+RTX 5090@PCIe4,CPU+GPU,3300,141.87674313990107,30.917875393939386,16,RTX 5090,Xeon-4ch,1,1,,PCIe4,CPU embed
1x4-ch DDR5+RTX 5090@PCIe5,CPU+GPU,3300,141.87674313990107,30.065907393939387,16,RTX 5090,Xeon-4ch,1,1,,PCIe5,CPU embed
1x4-ch DDR5+RTX 5090@NVLink,CPU+GPU,3300,141.87674313990107,29.274523785050498,16,RTX 5090,Xeon-4ch,1,1,,NVLink,CPU embed
2x4-ch DDR5+RTX 5090@PCIe4,CPU+GPU,4100,280.8185264778272,16.63367776757625,16,RTX 5090,Xeon-4ch,1,2,,PCIe4,CPU embed
2x4-ch DDR5+RTX 5090@PCIe5,CPU+GPU,4100,280.8185264778272,15.781709767576249,16,RTX 5090,Xeon-4ch,1,2,,PCIe5,CPU embed
2x4-ch DDR5+RTX 5090@NVLink,CPU+GPU,4100,280.8185264778272,14.990326158687362,16,RTX 5090,Xeon-4ch,1,2,,NVLink,CPU embed
4x4-ch DDR5+RTX 5090@PCIe4,CPU+GPU,5700,555.8278479469835,9.416933690845532,16,RTX 5090,Xeon-4ch,1,4,,PCIe4,CPU embed
4x4-ch DDR5+RTX 5090@PCIe5,CPU+GPU,5700,555.8278479469835,8.564965690845531,16,RTX 5090,Xeon-4ch,1,4,,PCIe5,CPU embed
4x4-ch DDR5+RTX 5090@NVLink,CPU+GPU,5700,555.8278479469835,7.773582081956643,16,RTX 5090,Xeon-4ch,1,4,,NVLink,CPU embed
8x4-ch DDR5+RTX 5090@PCIe4,CPU+GPU,8900,1100.1574590833434,5.770848945216862,16,RTX 5090,Xeon-4ch,1,8,,PCIe4,CPU embed
8x4-ch DDR5+RTX 5090@PCIe5,CPU+GPU,8900,1100.1574590833434,4.918880945216863,16,RTX 5090,Xeon-4ch,1,8,,PCIe5,CPU embed
8x4-ch DDR5+RTX 5090@NVLink,CPU+GPU,8900,1100.1574590833434,4.127497336327973,16,RTX 5090,Xeon-4ch,1,8,,NVLink,CPU embed
16x4-ch DDR5+RTX 5090@PCIe4,CPU+GPU,15300,2177.556304973343,3.9287531425999562,16,RTX 5090,Xeon-4ch,1,16,,PCIe4,CPU embed
16x4-ch DDR5+RTX 5090@PCIe5,CPU+GPU,15300,2177.556304973343,3.0767851425999564,16,RTX 5090,Xeon-4ch,1,16,,PCIe5,CPU embed
16x4-ch DDR5+RTX 5090@NVLink,CPU+GPU,15300,2177.556304973343,2.285401533711067,16,RTX 5090,Xeon-4ch,1,16,,NVLink,CPU embed
1x4-ch DDR5+A100 40GB@PCIe4,CPU+GPU,10800,141.87674313990107,30.81473253679653,16,A100 40GB,Xeon-4ch,1,1,,PCIe4,CPU embed
1x4-ch DDR5+A100 40GB@PCIe5,CPU+GPU,10800,141.87674313990107,29.96276453679653,16,A100 40GB,Xeon-4ch,1,1,,PCIe5,CPU embed
1x4-ch DDR5+A100 40GB@NVLink,CPU+GPU,10800,141.87674313990107,29.17138092790764,16,A100 40GB,Xeon-4ch,1,1,,NVLink,CPU embed
2x4-ch DDR5+A100 40GB@PCIe4,CPU+GPU,11600,280.8185264778272,16.530534910433392,16,A100 40GB,Xeon-4ch,1,2,,PCIe4,CPU embed
2x4-ch DDR5+A100 40GB@PCIe5,CPU+GPU,11600,280.8185264778272,15.678566910433391,16,A100 40GB,Xeon-4ch,1,2,,PCIe5,CPU embed
2x4-ch DDR5+A100 40GB@NVLink,CPU+GPU,11600,280.8185264778272,14.887183301544503,16,A100 40GB,Xeon-4ch,1,2,,NVLink,CPU embed
4x4-ch DDR5+A100 40GB@PCIe4,CPU+GPU,13200,555.8278479469835,9.313790833702674,16,A100 40GB,Xeon-4ch,1,4,,PCIe4,CPU embed
4x4-ch DDR5+A100 40GB@PCIe5,CPU+GPU,13200,555.8278479469835,8.461822833702673,16,A100 40GB,Xeon-4ch,1,4,,PCIe5,CPU embed
4x4-ch DDR5+A100 40GB@NVLink,CPU+GPU,13200,555.8278479469835,7.670439224813785,16,A100 40GB,Xeon-4ch,1,4,,NVLink,CPU embed
8x4-ch DDR5+A100 40GB@PCIe4,CPU+GPU,16400,1100.1574590833434,5.667706088074005,16,A100 40GB,Xeon-4ch,1,8,,PCIe4,CPU embed
8x4-ch DDR5+A100 40GB@PCIe5,CPU+GPU,16400,1100.1574590833434,4.8157380880740055,16,A100 40GB,Xeon-4ch,1,8,,PCIe5,CPU embed
8x4-ch DDR5+A100 40GB@NVLink,CPU+GPU,16400,1100.1574590833434,4.024354479185116,16,A100 40GB,Xeon-4ch,1,8,,NVLink,CPU embed
16x4-ch DDR5+A100 40GB@PCIe4,CPU+GPU,22800,2177.556304973343,3.825610285457099,16,A100 40GB,Xeon-4ch,1,16,,PCIe4,CPU embed
16x4-ch DDR5+A100 40GB@PCIe5,CPU+GPU,22800,2177.556304973343,2.973642285457099,16,A100 40GB,Xeon-4ch,1,16,,PCIe5,CPU embed
16x4-ch DDR5+A100 40GB@NVLink,CPU+GPU,22800,2177.556304973343,2.18225867656821,16,A100 40GB,Xeon-4ch,1,16,,NVLink,CPU embed
1x4-ch DDR5+A100 80GB@PCIe4,CPU+GPU,15800,141.87674313990107,30.81473253679653,16,A100 80GB,Xeon-4ch,1,1,,PCIe4,CPU embed
1x4-ch DDR5+A100 80GB@PCIe5,CPU+GPU,15800,141.87674313990107,29.96276453679653,16,A100 80GB,Xeon-4ch,1,1,,PCIe5,CPU embed
1x4-ch DDR5+A100 80GB@NVLink,CPU+GPU,15800,141.87674313990107,29.17138092790764,16,A100 80GB,Xeon-4ch,1,1,,NVLink,CPU embed
2x4-ch DDR5+A100 80GB@PCIe4,CPU+GPU,16600,280.8185264778272,16.530534910433392,16,A100 80GB,Xeon-4ch,1,2,,PCIe4,CPU embed
2x4-ch DDR5+A100 80GB@PCIe5,CPU+GPU,16600,280.8185264778272,15.678566910433391,16,A100 80GB,Xeon-4ch,1,2,,PCIe5,CPU embed
2x4-ch DDR5+A100 80GB@NVLink,CPU+GPU,16600,280.8185264778272,14.887183301544503,16,A100 80GB,Xeon-4ch,1,2,,NVLink,CPU embed
4x4-ch DDR5+A100 80GB@PCIe4,CPU+GPU,18200,555.8278479469835,9.313790833702674,16,A100 80GB,Xeon-4ch,1,4,,PCIe4,CPU embed
4x4-ch DDR5+A100 80GB@PCIe5,CPU+GPU,18200,555.8278479469835,8.461822833702673,16,A100 80GB,Xeon-4ch,1,4,,PCIe5,CPU embed
4x4-ch DDR5+A100 80GB@NVLink,CPU+GPU,18200,555.8278479469835,7.670439224813785,16,A100 80GB,Xeon-4ch,1,4,,NVLink,CPU embed
8x4-ch DDR5+A100 80GB@PCIe4,CPU+GPU,21400,1100.1574590833434,5.667706088074005,16,A100 80GB,Xeon-4ch,1,8,,PCIe4,CPU embed
8x4-ch DDR5+A100 80GB@PCIe5,CPU+GPU,21400,1100.1574590833434,4.8157380880740055,16,A100 80GB,Xeon-4ch,1,8,,PCIe5,CPU embed
8x4-ch DDR5+A100 80GB@NVLink,CPU+GPU,21400,1100.1574590833434,4.024354479185116,16,A100 80GB,Xeon-4ch,1,8,,NVLink,CPU embed
16x4-ch DDR5+A100 80GB@PCIe4,CPU+GPU,27800,2177.556304973343,3.825610285457099,16,A100 80GB,Xeon-4ch,1,16,,PCIe4,CPU embed
16x4-ch DDR5+A100 80GB@PCIe5,CPU+GPU,27800,2177.556304973343,2.973642285457099,16,A100 80GB,Xeon-4ch,1,16,,PCIe5,CPU embed
16x4-ch DDR5+A100 80GB@NVLink,CPU+GPU,27800,2177.556304973343,2.18225867656821,16,A100 80GB,Xeon-4ch,1,16,,NVLink,CPU embed
1x6-ch DDR5+RTX 4060@PCIe4,CPU+GPU,1500,276.3832658569501,18.328936,16,RTX 4060,Xeon-6ch,1,1,,PCIe4,CPU embed
1x6-ch DDR5+RTX 4060@PCIe5,CPU+GPU,1500,276.3832658569501,17.476968,16,RTX 4060,Xeon-6ch,1,1,,PCIe5,CPU embed
1x6-ch DDR5+RTX 4060@NVLink,CPU+GPU,1500,276.3832658569501,16.68558439111111,16,RTX 4060,Xeon-6ch,1,1,,NVLink,CPU embed
2x6-ch DDR5+RTX 4060@PCIe4,CPU+GPU,2700,547.0490775542089,10.996381218466919,16,RTX 4060,Xeon-6ch,1,2,,PCIe4,CPU embed
2x6-ch DDR5+RTX 4060@PCIe5,CPU+GPU,2700,547.0490775542089,10.14441321846692,16,RTX 4060,Xeon-6ch,1,2,,PCIe5,CPU embed
2x6-ch DDR5+RTX 4060@NVLink,CPU+GPU,2700,547.0490775542089,9.35302960957803,16,RTX 4060,Xeon-6ch,1,2,,NVLink,CPU embed
4x6-ch DDR5+RTX 4060@PCIe4,CPU+GPU,5100,1082.781521974643,7.291785925745151,16,RTX 4060,Xeon-6ch,1,4,,PCIe4,CPU embed
4x6-ch DDR5+RTX 4060@PCIe5,CPU+GPU,5100,1082.781521974643,6.439817925745151,16,RTX 4060,Xeon-6ch,1,4,,PCIe5,CPU embed
4x6-ch DDR5+RTX 4060@NVLink,CPU+GPU,5100,1082.781521974643,5.648434316856262,16,RTX 4060,Xeon-6ch,1,4,,NVLink,CPU embed
8x6-ch DDR5+RTX 4060@PCIe4,CPU+GPU,9900,2143.1638813311883,5.4201290896557675,16,RTX 4060,Xeon-6ch,1,8,,PCIe4,CPU embed
8x6-ch DDR5+RTX 4060@PCIe5,CPU+GPU,9900,2143.1638813311883,4.568161089655767,16,RTX 4060,Xeon-6ch,1,8,,PCIe5,CPU embed
8x6-ch DDR5+RTX 4060@NVLink,CPU+GPU,9900,2143.1638813311883,3.7767774807668784,16,RTX 4060,Xeon-6ch,1,8,,NVLink,CPU embed
16x6-ch DDR5+RTX 4060@PCIe4,CPU+GPU,19500,2269.2520775623266,4.4745199109790885,16,RTX 4060,Xeon-6ch,1,16,,PCIe4,GPU MLP
16x6-ch DDR5+RTX 4060@PCIe5,CPU+GPU,19500,2269.2520775623266,3.622551910979089,16,RTX 4060,Xeon-6ch,1,16,,PCIe5,GPU MLP
16x6-ch DDR5+RTX 4060@NVLink,CPU+GPU,19500,2269.2520775623266,2.8311683020902,16,RTX 4060,Xeon-6ch,1,16,,NVLink,GPU MLP
1x6-ch DDR5+RTX PRO 4500@PCIe4,CPU+GPU,1900,276.3832658569501,17.473936,16,RTX PRO 4500,Xeon-6ch,1,1,,PCIe4,CPU embed
1x6-ch DDR5+RTX PRO 4500@PCIe5,CPU+GPU,1900,276.3832658569501,16.621968,16,RTX PRO 4500,Xeon-6ch,1,1,,PCIe5,CPU embed
1x6-ch DDR5+RTX PRO 4500@NVLink,CPU+GPU,1900,276.3832658569501,15.83058439111111,16,RTX PRO 4500,Xeon-6ch,1,1,,NVLink,CPU embed
2x6-ch DDR5+RTX PRO 4500@PCIe4,CPU+GPU,3100,547.0490775542089,10.141381218466918,16,RTX PRO 4500,Xeon-6ch,1,2,,PCIe4,CPU embed
2x6-ch DDR5+RTX PRO 4500@PCIe5,CPU+GPU,3100,547.0490775542089,9.289413218466919,16,RTX PRO 4500,Xeon-6ch,1,2,,PCIe5,CPU embed
2x6-ch DDR5+RTX PRO 4500@NVLink,CPU+GPU,3100,547.0490775542089,8.49802960957803,16,RTX PRO 4500,Xeon-6ch,1,2,,NVLink,CPU embed
4x6-ch DDR5+RTX PRO 4500@PCIe4,CPU+GPU,5500,1082.781521974643,6.436785925745151,16,RTX PRO 4500,Xeon-6ch,1,4,,PCIe4,CPU embed
4x6-ch DDR5+RTX PRO 4500@PCIe5,CPU+GPU,5500,1082.781521974643,5.584817925745151,16,RTX PRO 4500,Xeon-6ch,1,4,,PCIe5,CPU embed
4x6-ch DDR5+RTX PRO 4500@NVLink,CPU+GPU,5500,1082.781521974643,4.793434316856262,16,RTX PRO 4500,Xeon-6ch,1,4,,NVLink,CPU embed
8x6-ch DDR5+RTX PRO 4500@PCIe4,CPU+GPU,10300,2143.1638813311883,4.565129089655767,16,RTX PRO 4500,Xeon-6ch,1,8,,PCIe4,CPU embed
8x6-ch DDR5+RTX PRO 4500@PCIe5,CPU+GPU,10300,2143.1638813311883,3.7131610896557676,16,RTX PRO 4500,Xeon-6ch,1,8,,PCIe5,CPU embed
8x6-ch DDR5+RTX PRO 4500@NVLink,CPU+GPU,10300,2143.1638813311883,2.9217774807668784,16,RTX PRO 4500,Xeon-6ch,1,8,,NVLink,CPU embed
16x6-ch DDR5+RTX PRO 4500@PCIe4,CPU+GPU,19900,2403.846153846154,3.619519910979089,16,RTX PRO 4500,Xeon-6ch,1,16,,PCIe4,transfer
16x6-ch DDR5+RTX PRO 4500@PCIe5,CPU+GPU,19900,4241.992801896121,2.7675519109790887,16,RTX PRO 4500,Xeon-6ch,1,16,,PCIe5,CPU embed
16x6-ch DDR5+RTX PRO 4500@NVLink,CPU+GPU,19900,4241.992801896121,1.9761683020902,16,RTX PRO 4500,Xeon-6ch,1,16,,NVLink,CPU embed
1x6-ch DDR5+RTX 4090@PCIe4,CPU+GPU,3000,276.3832658569501,16.964179902439025,16,RTX 4090,Xeon-6ch,1,1,,PCIe4,CPU embed
1x6-ch DDR5+RTX 4090@PCIe5,CPU+GPU,3000,276.3832658569501,16.11221190243902,16,RTX 4090,Xeon-6ch,1,1,,PCIe5,CPU embed
1x6-ch DDR5+RTX 4090@NVLink,CPU+GPU,3000,276.3832658569501,15.320828293550134,16,RTX 4090,Xeon-6ch,1,1,,NVLink,CPU embed
2x6-ch DDR5+RTX 4090@PCIe4,CPU+GPU,4200,547.0490775542089,9.631625120905943,16,RTX 4090,Xeon-6ch,1,2,,PCIe4,CPU embed
2x6-ch DDR5+RTX 4090@PCIe5,CPU+GPU,4200,547.0490775542089,8.779657120905943,16,RTX 4090,Xeon-6ch,1,2,,PCIe5,CPU embed
2x6-ch DDR5+RTX 4090@NVLink,CPU+GPU,4200,547.0490775542089,7.988273512017055,16,RTX 4090,Xeon-6ch,1,2,,NVLink,CPU embed
4x6-ch DDR5+RTX 4090@PCIe4,CPU+GPU,6600,1082.781521974643,5.927029828184176,16,RTX 4090,Xeon-6ch,1,4,,PCIe4,CPU embed
4x6-ch DDR5+RTX 4090@PCIe5,CPU+GPU,6600,1082.781521974643,5.075061828184175,16,RTX 4090,Xeon-6ch,1,4,,PCIe5,CPU embed
4x6-ch DDR5+RTX 4090@NVLink,CPU+GPU,6600,1082.781521974643,4.283678219295286,16,RTX 4090,Xeon-6ch,1,4,,NVLink,CPU embed
8x6-ch DDR5+RTX 4090@PCIe4,CPU+GPU,11400,2143.1638813311883,4.055372992094791,16,RTX 4090,Xeon-6ch,1,8,,PCIe4,CPU embed
8x6-ch DDR5+RTX 4090@PCIe5,CPU+GPU,11400,2143.1638813311883,3.203404992094792,16,RTX 4090,Xeon-6ch,1,8,,PCIe5,CPU embed
8x6-ch DDR5+RTX 4090@NVLink,CPU+GPU,11400,2143.1638813311883,2.4120213832059028,16,RTX 4090,Xeon-6ch,1,8,,NVLink,CPU embed
16x6-ch DDR5+RTX 4090@PCIe4,CPU+GPU,21000,2403.846153846154,3.1097638134181134,16,RTX 4090,Xeon-6ch,1,16,,PCIe4,transfer
16x6-ch DDR5+RTX 4090@PCIe5,CPU+GPU,21000,4241.992801896121,2.257795813418113,16,RTX 4090,Xeon-6ch,1,16,,PCIe5,CPU embed
16x6-ch DDR5+RTX 4090@NVLink,CPU+GPU,21000,4241.992801896121,1.466412204529224,16,RTX 4090,Xeon-6ch,1,16,,NVLink,CPU embed
1x6-ch DDR5+RTX 5090@PCIe4,CPU+GPU,3700,276.3832658569501,16.86774552380952,16,RTX 5090,Xeon-6ch,1,1,,PCIe4,CPU embed
1x6-ch DDR5+RTX 5090@PCIe5,CPU+GPU,3700,276.3832658569501,16.015777523809522,16,RTX 5090,Xeon-6ch,1,1,,PCIe5,CPU embed
1x6-ch DDR5+RTX 5090@NVLink,CPU+GPU,3700,276.3832658569501,15.224393914920634,16,RTX 5090,Xeon-6ch,1,1,,NVLink,CPU embed
2x6-ch DDR5+RTX 5090@PCIe4,CPU+GPU,4900,547.0490775542089,9.535190742276443,16,RTX 5090,Xeon-6ch,1,2,,PCIe4,CPU embed
2x6-ch DDR5+RTX 5090@PCIe5,CPU+GPU,4900,547.0490775542089,8.683222742276444,16,RTX 5090,Xeon-6ch,1,2,,PCIe5,CPU embed
2x6-ch DDR5+RTX 5090@NVLink,CPU+GPU,4900,547.0490775542089,7.891839133387554,16,RTX 5090,Xeon-6ch,1,2,,NVLink,CPU embed
4x6-ch DDR5+RTX 5090@PCIe4,CPU+GPU,7300,1082.781521974643,5.830595449554675,16,RTX 5090,Xeon-6ch,1,4,,PCIe4,CPU embed
4x6-ch DDR5+RTX 5090@PCIe5,CPU+GPU,7300,1082.781521974643,4.978627449554675,16,RTX 5090,Xeon-6ch,1,4,,PCIe5,CPU embed
4x6-ch DDR5+RTX 5090@NVLink,CPU+GPU,7300,1082.781521974643,4.1872438406657855,16,RTX 5090,Xeon-6ch,1,4,,NVLink,CPU embed
8x6-ch DDR5+RTX 5090@PCIe4,CPU+GPU,12100,2143.1638813311883,3.9589386134652913,16,RTX 5090,Xeon-6ch,1,8,,PCIe4,CPU embed
8x6-ch DDR5+RTX 5090@PCIe5,CPU+GPU,12100,2143.1638813311883,3.1069706134652915,16,RTX 5090,Xeon-6ch,1,8,,PCIe5,CPU embed
8x6-ch DDR5+RTX 5090@NVLink,CPU+GPU,12100,2143.1638813311883,2.315587004576402,16,RTX 5090,Xeon-6ch,1,8,,NVLink,CPU embed
16x6-ch DDR5+RTX 5090@PCIe4,CPU+GPU,21700,2403.846153846154,3.013329434788613,16,RTX 5090,Xeon-6ch,1,16,,PCIe4,transfer
16x6-ch DDR5+RTX 5090@PCIe5,CPU+GPU,21700,4241.992801896121,2.1613614347886125,16,RTX 5090,Xeon-6ch,1,16,,PCIe5,CPU embed
16x6-ch DDR5+RTX 5090@NVLink,CPU+GPU,21700,4241.992801896121,1.3699778258997235,16,RTX 5090,Xeon-6ch,1,16,,NVLink,CPU embed
1x6-ch DDR5+A100 40GB@PCIe4,CPU+GPU,11200,276.3832658569501,16.764602666666665,16,A100 40GB,Xeon-6ch,1,1,,PCIe4,CPU embed
1x6-ch DDR5+A100 40GB@PCIe5,CPU+GPU,11200,276.3832658569501,15.912634666666664,16,A100 40GB,Xeon-6ch,1,1,,PCIe5,CPU embed
1x6-ch DDR5+A100 40GB@NVLink,CPU+GPU,11200,276.3832658569501,15.121251057777776,16,A100 40GB,Xeon-6ch,1,1,,NVLink,CPU embed
2x6-ch DDR5+A100 40GB@PCIe4,CPU+GPU,12400,547.0490775542089,9.432047885133585,16,A100 40GB,Xeon-6ch,1,2,,PCIe4,CPU embed
2x6-ch DDR5+A100 40GB@PCIe5,CPU+GPU,12400,547.0490775542089,8.580079885133586,16,A100 40GB,Xeon-6ch,1,2,,PCIe5,CPU embed
2x6-ch DDR5+A100 40GB@NVLink,CPU+GPU,12400,547.0490775542089,7.788696276244697,16,A100 40GB,Xeon-6ch,1,2,,NVLink,CPU embed
4x6-ch DDR5+A100 40GB@PCIe4,CPU+GPU,14800,1082.781521974643,5.727452592411818,16,A100 40GB,Xeon-6ch,1,4,,PCIe4,CPU embed
4x6-ch DDR5+A100 40GB@PCIe5,CPU+GPU,14800,1082.781521974643,4.8754845924118175,16,A100 40GB,Xeon-6ch,1,4,,PCIe5,CPU embed
4x6-ch DDR5+A100 40GB@NVLink,CPU+GPU,14800,1082.781521974643,4.084100983522928,16,A100 40GB,Xeon-6ch,1,4,,NVLink,CPU embed
8x6-ch DDR5+A100 40GB@PCIe4,CPU+GPU,19600,2143.1638813311883,3.855795756322434,16,A100 40GB,Xeon-6ch,1,8,,PCIe4,CPU embed
8x6-ch DDR5+A100 40GB@PCIe5,CPU+GPU,19600,2143.1638813311883,3.0038277563224343,16,A100 40GB,Xeon-6ch,1,8,,PCIe5,CPU embed
8x6-ch DDR5+A100 40GB@NVLink,CPU+GPU,19600,2143.1638813311883,2.212444147433545,16,A100 40GB,Xeon-6ch,1,8,,NVLink,CPU embed
16x6-ch DDR5+A100 40GB@PCIe4,CPU+GPU,29200,2403.846153846154,2.9101865776457556,16,A100 40GB,Xeon-6ch,1,16,,PCIe4,transfer
16x6-ch DDR5+A100 40GB@PCIe5,CPU+GPU,29200,4241.992801896121,2.0582185776457553,16,A100 40GB,Xeon-6ch,1,16,,PCIe5,CPU embed
16x6-ch DDR5+A100 40GB@NVLink,CPU+GPU,29200,4241.992801896121,1.2668349687568663,16,A100 40GB,Xeon-6ch,1,16,,NVLink,CPU embed
1x6-ch DDR5+A100 80GB@PCIe4,CPU+GPU,16200,276.3832658569501,16.764602666666665,16,A100 80GB,Xeon-6ch,1,1,,PCIe4,CPU embed
1x6-ch DDR5+A100 80GB@PCIe5,CPU+GPU,16200,276.3832658569501,15.912634666666664,16,A100 80GB,Xeon-6ch,1,1,,PCIe5,CPU embed
1x6-ch DDR5+A100 80GB@NVLink,CPU+GPU,16200,276.3832658569501,15.121251057777776,16,A100 80GB,Xeon-6ch,1,1,,NVLink,CPU embed
2x6-ch DDR5+A100 80GB@PCIe4,CPU+GPU,17400,547.0490775542089,9.432047885133585,16,A100 80GB,Xeon-6ch,1,2,,PCIe4,CPU embed
2x6-ch DDR5+A100 80GB@PCIe5,CPU+GPU,17400,547.0490775542089,8.580079885133586,16,A100 80GB,Xeon-6ch,1,2,,PCIe5,CPU embed
2x6-ch DDR5+A100 80GB@NVLink,CPU+GPU,17400,547.0490775542089,7.788696276244697,16,A100 80GB,Xeon-6ch,1,2,,NVLink,CPU embed
4x6-ch DDR5+A100 80GB@PCIe4,CPU+GPU,19800,1082.781521974643,5.727452592411818,16,A100 80GB,Xeon-6ch,1,4,,PCIe4,CPU embed
4x6-ch DDR5+A100 80GB@PCIe5,CPU+GPU,19800,1082.781521974643,4.8754845924118175,16,A100 80GB,Xeon-6ch,1,4,,PCIe5,CPU embed
4x6-ch DDR5+A100 80GB@NVLink,CPU+GPU,19800,1082.781521974643,4.084100983522928,16,A100 80GB,Xeon-6ch,1,4,,NVLink,CPU embed
8x6-ch DDR5+A100 80GB@PCIe4,CPU+GPU,24600,2143.1638813311883,3.855795756322434,16,A100 80GB,Xeon-6ch,1,8,,PCIe4,CPU embed
8x6-ch DDR5+A100 80GB@PCIe5,CPU+GPU,24600,2143.1638813311883,3.0038277563224343,16,A100 80GB,Xeon-6ch,1,8,,PCIe5,CPU embed
8x6-ch DDR5+A100 80GB@NVLink,CPU+GPU,24600,2143.1638813311883,2.212444147433545,16,A100 80GB,Xeon-6ch,1,8,,NVLink,CPU embed
16x6-ch DDR5+A100 80GB@PCIe4,CPU+GPU,34200,2403.846153846154,2.9101865776457556,16,A100 80GB,Xeon-6ch,1,16,,PCIe4,transfer
16x6-ch DDR5+A100 80GB@PCIe5,CPU+GPU,34200,4241.992801896121,2.0582185776457553,16,A100 80GB,Xeon-6ch,1,16,,PCIe5,CPU embed
16x6-ch DDR5+A100 80GB@NVLink,CPU+GPU,34200,4241.992801896121,1.2668349687568663,16,A100 80GB,Xeon-6ch,1,16,,NVLink,CPU embed
1x8-ch DDR5+RTX 4060@PCIe4,CPU+GPU,3300,423.7876743139901,13.174153391304348,16,RTX 4060,Xeon-8ch,1,1,,PCIe4,CPU embed
1x8-ch DDR5+RTX 4060@PCIe5,CPU+GPU,3300,423.7876743139901,12.322185391304346,16,RTX 4060,Xeon-8ch,1,1,,PCIe5,CPU embed
1x8-ch DDR5+RTX 4060@NVLink,CPU+GPU,3300,423.7876743139901,11.530801782415459,16,RTX 4060,Xeon-8ch,1,1,,NVLink,CPU embed
2x8-ch DDR5+RTX 4060@PCIe4,CPU+GPU,6300,838.8085855831202,8.392052446826252,16,RTX 4060,Xeon-8ch,1,2,,PCIe4,CPU embed
2x8-ch DDR5+RTX 4060@PCIe5,CPU+GPU,6300,838.8085855831202,7.540084446826253,16,RTX 4060,Xeon-8ch,1,2,,PCIe5,CPU embed
2x8-ch DDR5+RTX 4060@NVLink,CPU+GPU,6300,838.8085855831202,6.748700837937363,16,RTX 4060,Xeon-8ch,1,2,,NVLink,CPU embed
4x8-ch DDR5+RTX 4060@PCIe4,CPU+GPU,12300,1660.2650003611193,5.976012038529447,16,RTX 4060,Xeon-8ch,1,4,,PCIe4,CPU embed
4x8-ch DDR5+RTX 4060@PCIe5,CPU+GPU,12300,1660.2650003611193,5.124044038529446,16,RTX 4060,Xeon-8ch,1,4,,PCIe5,CPU embed
4x8-ch DDR5+RTX 4060@NVLink,CPU+GPU,12300,1660.2650003611193,4.3326604296405575,16,RTX 4060,Xeon-8ch,1,4,,NVLink,CPU embed
8x8-ch DDR5+RTX 4060@PCIe4,CPU+GPU,24300,2269.2520775623266,4.755366275862457,16,RTX 4060,Xeon-8ch,1,8,,PCIe4,GPU MLP
8x8-ch DDR5+RTX 4060@PCIe5,CPU+GPU,24300,2269.2520775623266,3.903398275862457,16,RTX 4060,Xeon-8ch,1,8,,PCIe5,GPU MLP
8x8-ch DDR5+RTX 4060@NVLink,CPU+GPU,24300,2269.2520775623266,3.112014666973568,16,RTX 4060,Xeon-8ch,1,8,,NVLink,GPU MLP
16x8-ch DDR5+RTX 4060@PCIe4,CPU+GPU,48300,2269.2520775623266,4.138664637595058,16,RTX 4060,Xeon-8ch,1,16,,PCIe4,GPU MLP
16x8-ch DDR5+RTX 4060@PCIe5,CPU+GPU,48300,2269.2520775623266,3.286696637595058,16,RTX 4060,Xeon-8ch,1,16,,PCIe5,GPU MLP
16x8-ch DDR5+RTX 4060@NVLink,CPU+GPU,48300,2269.2520775623266,2.4953130287061693,16,RTX 4060,Xeon-8ch,1,16,,NVLink,GPU MLP
1x8-ch DDR5+RTX PRO 4500@PCIe4,CPU+GPU,3700,423.7876743139901,12.319153391304347,16,RTX PRO 4500,Xeon-8ch,1,1,,PCIe4,CPU embed
1x8-ch DDR5+RTX PRO 4500@PCIe5,CPU+GPU,3700,423.7876743139901,11.467185391304346,16,RTX PRO 4500,Xeon-8ch,1,1,,PCIe5,CPU embed
1x8-ch DDR5+RTX PRO 4500@NVLink,CPU+GPU,3700,423.7876743139901,10.675801782415459,16,RTX PRO 4500,Xeon-8ch,1,1,,NVLink,CPU embed
2x8-ch DDR5+RTX PRO 4500@PCIe4,CPU+GPU,6700,838.8085855831202,7.5370524468262525,16,RTX PRO 4500,Xeon-8ch,1,2,,PCIe4,CPU embed
2x8-ch DDR5+RTX PRO 4500@PCIe5,CPU+GPU,6700,838.8085855831202,6.685084446826252,16,RTX PRO 4500,Xeon-8ch,1,2,,PCIe5,CPU embed
2x8-ch DDR5+RTX PRO 4500@NVLink,CPU+GPU,6700,838.8085855831202,5.893700837937363,16,RTX PRO 4500,Xeon-8ch,1,2,,NVLink,CPU embed
4x8-ch DDR5+RTX PRO 4500@PCIe4,CPU+GPU,12700,1660.2650003611193,5.121012038529447,16,RTX PRO 4500,Xeon-8ch,1,4,,PCIe4,CPU embed
4x8-ch DDR5+RTX PRO 4500@PCIe5,CPU+GPU,12700,1660.2650003611193,4.269044038529446,16,RTX PRO 4500,Xeon-8ch,1,4,,PCIe5,CPU embed
4x8-ch DDR5+RTX PRO 4500@NVLink,CPU+GPU,12700,1660.2650003611193,3.4776604296405575,16,RTX PRO 4500,Xeon-8ch,1,4,,NVLink,CPU embed
8x8-ch DDR5+RTX PRO 4500@PCIe4,CPU+GPU,24700,2403.846153846154,3.9003662758624573,16,RTX PRO 4500,Xeon-8ch,1,8,,PCIe4,transfer
8x8-ch DDR5+RTX PRO 4500@PCIe5,CPU+GPU,24700,3286.1846180411558,3.048398275862457,16,RTX PRO 4500,Xeon-8ch,1,8,,PCIe5,CPU embed
8x8-ch DDR5+RTX PRO 4500@NVLink,CPU+GPU,24700,3286.1846180411558,2.257014666973568,16,RTX PRO 4500,Xeon-8ch,1,8,,NVLink,CPU embed
16x8-ch DDR5+RTX PRO 4500@PCIe4,CPU+GPU,48700,2403.846153846154,3.283664637595058,16,RTX PRO 4500,Xeon-8ch,1,16,,PCIe4,transfer
16x8-ch DDR5+RTX PRO 4500@PCIe5,CPU+GPU,48700,4311.578947368421,2.431696637595058,16,RTX PRO 4500,Xeon-8ch,1,16,,PCIe5,GPU MLP
16x8-ch DDR5+RTX PRO 4500@NVLink,CPU+GPU,48700,4311.578947368421,1.640313028706169,16,RTX PRO 4500,Xeon-8ch,1,16,,NVLink,GPU MLP
1x8-ch DDR5+RTX 4090@PCIe4,CPU+GPU,4800,423.7876743139901,11.809397293743372,16,RTX 4090,Xeon-8ch,1,1,,PCIe4,CPU embed
1x8-ch DDR5+RTX 4090@PCIe5,CPU+GPU,4800,423.7876743139901,10.95742929374337,16,RTX 4090,Xeon-8ch,1,1,,PCIe5,CPU embed
1x8-ch DDR5+RTX 4090@NVLink,CPU+GPU,4800,423.7876743139901,10.166045684854483,16,RTX 4090,Xeon-8ch,1,1,,NVLink,CPU embed
2x8-ch DDR5+RTX 4090@PCIe4,CPU+GPU,7800,838.8085855831202,7.027296349265277,16,RTX 4090,Xeon-8ch,1,2,,PCIe4,CPU embed
2x8-ch DDR5+RTX 4090@PCIe5,CPU+GPU,7800,838.8085855831202,6.175328349265277,16,RTX 4090,Xeon-8ch,1,2,,PCIe5,CPU embed
2x8-ch DDR5+RTX 4090@NVLink,CPU+GPU,7800,838.8085855831202,5.383944740376387,16,RTX 4090,Xeon-8ch,1,2,,NVLink,CPU embed
4x8-ch DDR5+RTX 4090@PCIe4,CPU+GPU,13800,1660.2650003611193,4.611255940968471,16,RTX 4090,Xeon-8ch,1,4,,PCIe4,CPU embed
4x8-ch DDR5+RTX 4090@PCIe5,CPU+GPU,13800,1660.2650003611193,3.7592879409684707,16,RTX 4090,Xeon-8ch,1,4,,PCIe5,CPU embed
4x8-ch DDR5+RTX 4090@NVLink,CPU+GPU,13800,1660.2650003611193,2.967904332079582,16,RTX 4090,Xeon-8ch,1,4,,NVLink,CPU embed
8x8-ch DDR5+RTX 4090@PCIe4,CPU+GPU,25800,2403.846153846154,3.3906101783014817,16,RTX 4090,Xeon-8ch,1,8,,PCIe4,transfer
8x8-ch DDR5+RTX 4090@PCIe5,CPU+GPU,25800,3286.1846180411558,2.5386421783014814,16,RTX 4090,Xeon-8ch,1,8,,PCIe5,CPU embed
8x8-ch DDR5+RTX 4090@NVLink,CPU+GPU,25800,3286.1846180411558,1.7472585694125922,16,RTX 4090,Xeon-8ch,1,8,,NVLink,CPU embed
16x8-ch DDR5+RTX 4090@PCIe4,CPU+GPU,49800,2403.846153846154,2.7739085400340824,16,RTX 4090,Xeon-8ch,1,16,,PCIe4,transfer
16x8-ch DDR5+RTX 4090@PCIe5,CPU+GPU,49800,4807.692307692308,1.9219405400340823,16,RTX 4090,Xeon-8ch,1,16,,PCIe5,transfer
16x8-ch DDR5+RTX 4090@NVLink,CPU+GPU,49800,6504.388962907387,1.1305569311451933,16,RTX 4090,Xeon-8ch,1,16,,NVLink,CPU embed
1x8-ch DDR5+RTX 5090@PCIe4,CPU+GPU,5500,423.7876743139901,11.712962915113872,16,RTX 5090,Xeon-8ch,1,1,,PCIe4,CPU embed
1x8-ch DDR5+RTX 5090@PCIe5,CPU+GPU,5500,423.7876743139901,10.86099491511387,16,RTX 5090,Xeon-8ch,1,1,,PCIe5,CPU embed
1x8-ch DDR5+RTX 5090@NVLink,CPU+GPU,5500,423.7876743139901,10.069611306224983,16,RTX 5090,Xeon-8ch,1,1,,NVLink,CPU embed
2x8-ch DDR5+RTX 5090@PCIe4,CPU+GPU,8500,838.8085855831202,6.930861970635776,16,RTX 5090,Xeon-8ch,1,2,,PCIe4,CPU embed
2x8-ch DDR5+RTX 5090@PCIe5,CPU+GPU,8500,838.8085855831202,6.078893970635776,16,RTX 5090,Xeon-8ch,1,2,,PCIe5,CPU embed
2x8-ch DDR5+RTX 5090@NVLink,CPU+GPU,8500,838.8085855831202,5.287510361746887,16,RTX 5090,Xeon-8ch,1,2,,NVLink,CPU embed
4x8-ch DDR5+RTX 5090@PCIe4,CPU+GPU,14500,1660.2650003611193,4.5148215623389705,16,RTX 5090,Xeon-8ch,1,4,,PCIe4,CPU embed
4x8-ch DDR5+RTX 5090@PCIe5,CPU+GPU,14500,1660.2650003611193,3.66285356233897,16,RTX 5090,Xeon-8ch,1,4,,PCIe5,CPU embed
4x8-ch DDR5+RTX 5090@NVLink,CPU+GPU,14500,1660.2650003611193,2.8714699534500814,16,RTX 5090,Xeon-8ch,1,4,,NVLink,CPU embed
8x8-ch DDR5+RTX 5090@PCIe4,CPU+GPU,26500,2403.846153846154,3.294175799671981,16,RTX 5090,Xeon-8ch,1,8,,PCIe4,transfer
8x8-ch DDR5+RTX 5090@PCIe5,CPU+GPU,26500,3286.1846180411558,2.442207799671981,16,RTX 5090,Xeon-8ch,1,8,,PCIe5,CPU embed
8x8-ch DDR5+RTX 5090@NVLink,CPU+GPU,26500,3286.1846180411558,1.6508241907830916,16,RTX 5090,Xeon-8ch,1,8,,NVLink,CPU embed
16x8-ch DDR5+RTX 5090@PCIe4,CPU+GPU,50500,2403.846153846154,2.677474161404582,16,RTX 5090,Xeon-8ch,1,16,,PCIe4,transfer
16x8-ch DDR5+RTX 5090@PCIe5,CPU+GPU,50500,4807.692307692308,1.8255061614045818,16,RTX 5090,Xeon-8ch,1,16,,PCIe5,transfer
16x8-ch DDR5+RTX 5090@NVLink,CPU+GPU,50500,6504.388962907387,1.0341225525156927,16,RTX 5090,Xeon-8ch,1,16,,NVLink,CPU embed
1x8-ch DDR5+A100 40GB@PCIe4,CPU+GPU,13000,423.7876743139901,11.609820057971014,16,A100 40GB,Xeon-8ch,1,1,,PCIe4,CPU embed
1x8-ch DDR5+A100 40GB@PCIe5,CPU+GPU,13000,423.7876743139901,10.757852057971013,16,A100 40GB,Xeon-8ch,1,1,,PCIe5,CPU embed
1x8-ch DDR5+A100 40GB@NVLink,CPU+GPU,13000,423.7876743139901,9.966468449082125,16,A100 40GB,Xeon-8ch,1,1,,NVLink,CPU embed
2x8-ch DDR5+A100 40GB@PCIe4,CPU+GPU,16000,838.8085855831202,6.827719113492919,16,A100 40GB,Xeon-8ch,1,2,,PCIe4,CPU embed
2x8-ch DDR5+A100 40GB@PCIe5,CPU+GPU,16000,838.8085855831202,5.975751113492919,16,A100 40GB,Xeon-8ch,1,2,,PCIe5,CPU embed
2x8-ch DDR5+A100 40GB@NVLink,CPU+GPU,16000,838.8085855831202,5.18436750460403,16,A100 40GB,Xeon-8ch,1,2,,NVLink,CPU embed
4x8-ch DDR5+A100 40GB@PCIe4,CPU+GPU,22000,1660.2650003611193,4.411678705196113,16,A100 40GB,Xeon-8ch,1,4,,PCIe4,CPU embed
4x8-ch DDR5+A100 40GB@PCIe5,CPU+GPU,22000,1660.2650003611193,3.559710705196113,16,A100 40GB,Xeon-8ch,1,4,,PCIe5,CPU embed
4x8-ch DDR5+A100 40GB@NVLink,CPU+GPU,22000,1660.2650003611193,2.768327096307224,16,A100 40GB,Xeon-8ch,1,4,,NVLink,CPU embed
8x8-ch DDR5+A100 40GB@PCIe4,CPU+GPU,34000,2403.846153846154,3.191032942529124,16,A100 40GB,Xeon-8ch,1,8,,PCIe4,transfer
8x8-ch DDR5+A100 40GB@PCIe5,CPU+GPU,34000,3286.1846180411558,2.3390649425291237,16,A100 40GB,Xeon-8ch,1,8,,PCIe5,CPU embed
8x8-ch DDR5+A100 40GB@NVLink,CPU+GPU,34000,3286.1846180411558,1.5476813336402344,16,A100 40GB,Xeon-8ch,1,8,,NVLink,CPU embed
16x8-ch DDR5+A100 40GB@PCIe4,CPU+GPU,58000,2403.846153846154,2.5743313042617246,16,A100 40GB,Xeon-8ch,1,16,,PCIe4,transfer
16x8-ch DDR5+A100 40GB@PCIe5,CPU+GPU,58000,4807.692307692308,1.7223633042617246,16,A100 40GB,Xeon-8ch,1,16,,PCIe5,transfer
16x8-ch DDR5+A100 40GB@NVLink,CPU+GPU,58000,6504.388962907387,0.9309796953728356,16,A100 40GB,Xeon-8ch,1,16,,NVLink,CPU embed
1x8-ch DDR5+A100 80GB@PCIe4,CPU+GPU,18000,423.7876743139901,11.609820057971014,16,A100 80GB,Xeon-8ch,1,1,,PCIe4,CPU embed
1x8-ch DDR5+A100 80GB@PCIe5,CPU+GPU,18000,423.7876743139901,10.757852057971013,16,A100 80GB,Xeon-8ch,1,1,,PCIe5,CPU embed
1x8-ch DDR5+A100 80GB@NVLink,CPU+GPU,18000,423.7876743139901,9.966468449082125,16,A100 80GB,Xeon-8ch,1,1,,NVLink,CPU embed
2x8-ch DDR5+A100 80GB@PCIe4,CPU+GPU,21000,838.8085855831202,6.827719113492919,16,A100 80GB,Xeon-8ch,1,2,,PCIe4,CPU embed
2x8-ch DDR5+A100 80GB@PCIe5,CPU+GPU,21000,838.8085855831202,5.975751113492919,16,A100 80GB,Xeon-8ch,1,2,,PCIe5,CPU embed
2x8-ch DDR5+A100 80GB@NVLink,CPU+GPU,21000,838.8085855831202,5.18436750460403,16,A100 80GB,Xeon-8ch,1,2,,NVLink,CPU embed
4x8-ch DDR5+A100 80GB@PCIe4,CPU+GPU,27000,1660.2650003611193,4.411678705196113,16,A100 80GB,Xeon-8ch,1,4,,PCIe4,CPU embed
4x8-ch DDR5+A100 80GB@PCIe5,CPU+GPU,27000,1660.2650003611193,3.559710705196113,16,A100 80GB,Xeon-8ch,1,4,,PCIe5,CPU embed
4x8-ch DDR5+A100 80GB@NVLink,CPU+GPU,27000,1660.2650003611193,2.768327096307224,16,A100 80GB,Xeon-8ch,1,4,,NVLink,CPU embed
8x8-ch DDR5+A100 80GB@PCIe4,CPU+GPU,39000,2403.846153846154,3.191032942529124,16,A100 80GB,Xeon-8ch,1,8,,PCIe4,transfer
8x8-ch DDR5+A100 80GB@PCIe5,CPU+GPU,39000,3286.1846180411558,2.3390649425291237,16,A100 80GB,Xeon-8ch,1,8,,PCIe5,CPU embed
8x8-ch DDR5+A100 80GB@NVLink,CPU+GPU,39000,3286.1846180411558,1.5476813336402344,16,A100 80GB,Xeon-8ch,1,8,,NVLink,CPU embed
16x8-ch DDR5+A100 80GB@PCIe4,CPU+GPU,63000,2403.846153846154,2.5743313042617246,16,A100 80GB,Xeon-8ch,1,16,,PCIe4,transfer
16x8-ch DDR5+A100 80GB@PCIe5,CPU+GPU,63000,4807.692307692308,1.7223633042617246,16,A100 80GB,Xeon-8ch,1,16,,PCIe5,transfer
16x8-ch DDR5+A100 80GB@NVLink,CPU+GPU,63000,6504.388962907387,0.9309796953728356,16,A100 80GB,Xeon-8ch,1,16,,NVLink,CPU embed
1x12-ch DDR5+RTX 4060@PCIe4,CPU+GPU,5300,644.8942869995502,9.86036457142857,16,RTX 4060,EPYC-12ch,1,1,,PCIe4,CPU embed
1x12-ch DDR5+RTX 4060@PCIe5,CPU+GPU,5300,644.8942869995502,9.008396571428571,16,RTX 4060,EPYC-12ch,1,1,,PCIe5,CPU embed
1x12-ch DDR5+RTX 4060@NVLink,CPU+GPU,5300,644.8942869995502,8.217012962539682,16,RTX 4060,EPYC-12ch,1,1,,NVLink,CPU embed
2x12-ch DDR5+RTX 4060@PCIe4,CPU+GPU,10300,1276.4478476264871,6.71784109362868,16,RTX 4060,EPYC-12ch,1,2,,PCIe4,CPU embed
2x12-ch DDR5+RTX 4060@PCIe5,CPU+GPU,10300,1276.4478476264871,5.8658730936286805,16,RTX 4060,EPYC-12ch,1,2,,PCIe5,CPU embed
2x12-ch DDR5+RTX 4060@NVLink,CPU+GPU,10300,1276.4478476264871,5.074489484739791,16,RTX 4060,EPYC-12ch,1,2,,NVLink,CPU embed
4x12-ch DDR5+RTX 4060@PCIe4,CPU+GPU,20300,2269.2520775623266,5.130157396747922,16,RTX 4060,EPYC-12ch,1,4,,PCIe4,GPU MLP
4x12-ch DDR5+RTX 4060@PCIe5,CPU+GPU,20300,2269.2520775623266,4.278189396747922,16,RTX 4060,EPYC-12ch,1,4,,PCIe5,GPU MLP
4x12-ch DDR5+RTX 4060@NVLink,CPU+GPU,20300,2269.2520775623266,3.4868057878590326,16,RTX 4060,EPYC-12ch,1,4,,NVLink,GPU MLP
8x12-ch DDR5+RTX 4060@PCIe4,CPU+GPU,40300,2269.2520775623266,4.328018752709615,16,RTX 4060,EPYC-12ch,1,8,,PCIe4,GPU MLP
8x12-ch DDR5+RTX 4060@PCIe5,CPU+GPU,40300,2269.2520775623266,3.4760507527096145,16,RTX 4060,EPYC-12ch,1,8,,PCIe5,GPU MLP
8x12-ch DDR5+RTX 4060@NVLink,CPU+GPU,40300,2269.2520775623266,2.6846671438207257,16,RTX 4060,EPYC-12ch,1,8,,NVLink,GPU MLP
16x12-ch DDR5+RTX 4060@PCIe4,CPU+GPU,80300,2269.2520775623266,3.9227576761338954,16,RTX 4060,EPYC-12ch,1,16,,PCIe4,GPU MLP
16x12-ch DDR5+RTX 4060@PCIe5,CPU+GPU,80300,2269.2520775623266,3.070789676133895,16,RTX 4060,EPYC-12ch,1,16,,PCIe5,GPU MLP
16x12-ch DDR5+RTX 4060@NVLink,CPU+GPU,80300,2269.2520775623266,2.2794060672450063,16,RTX 4060,EPYC-12ch,1,16,,NVLink,GPU MLP
1x12-ch DDR5+RTX PRO 4500@PCIe4,CPU+GPU,5700,644.8942869995502,9.00536457142857,16,RTX PRO 4500,EPYC-12ch,1,1,,PCIe4,CPU embed
1x12-ch DDR5+RTX PRO 4500@PCIe5,CPU+GPU,5700,644.8942869995502,8.153396571428571,16,RTX PRO 4500,EPYC-12ch,1,1,,PCIe5,CPU embed
1x12-ch DDR5+RTX PRO 4500@NVLink,CPU+GPU,5700,644.8942869995502,7.362012962539682,16,RTX PRO 4500,EPYC-12ch,1,1,,NVLink,CPU embed
2x12-ch DDR5+RTX PRO 4500@PCIe4,CPU+GPU,10700,1276.4478476264871,5.86284109362868,16,RTX PRO 4500,EPYC-12ch,1,2,,PCIe4,CPU embed
2x12-ch DDR5+RTX PRO 4500@PCIe5,CPU+GPU,10700,1276.4478476264871,5.01087309362868,16,RTX PRO 4500,EPYC-12ch,1,2,,PCIe5,CPU embed
2x12-ch DDR5+RTX PRO 4500@NVLink,CPU+GPU,10700,1276.4478476264871,4.219489484739791,16,RTX PRO 4500,EPYC-12ch,1,2,,NVLink,CPU embed
4x12-ch DDR5+RTX PRO 4500@PCIe4,CPU+GPU,20700,2403.846153846154,4.275157396747922,16,RTX PRO 4500,EPYC-12ch,1,4,,PCIe4,transfer
4x12-ch DDR5+RTX PRO 4500@PCIe5,CPU+GPU,20700,2526.490217940834,3.423189396747922,16,RTX PRO 4500,EPYC-12ch,1,4,,PCIe5,CPU embed
4x12-ch DDR5+RTX PRO 4500@NVLink,CPU+GPU,20700,2526.490217940834,2.6318057878590326,16,RTX PRO 4500,EPYC-12ch,1,4,,NVLink,CPU embed
8x12-ch DDR5+RTX PRO 4500@PCIe4,CPU+GPU,40700,2403.846153846154,3.473018752709615,16,RTX PRO 4500,EPYC-12ch,1,8,,PCIe4,transfer
8x12-ch DDR5+RTX PRO 4500@PCIe5,CPU+GPU,40700,4311.578947368421,2.6210507527096145,16,RTX PRO 4500,EPYC-12ch,1,8,,PCIe5,GPU MLP
8x12-ch DDR5+RTX PRO 4500@NVLink,CPU+GPU,40700,4311.578947368421,1.8296671438207257,16,RTX PRO 4500,EPYC-12ch,1,8,,NVLink,GPU MLP
16x12-ch DDR5+RTX PRO 4500@PCIe4,CPU+GPU,80700,2403.846153846154,3.0677576761338954,16,RTX PRO 4500,EPYC-12ch,1,16,,PCIe4,transfer
16x12-ch DDR5+RTX PRO 4500@PCIe5,CPU+GPU,80700,4311.578947368421,2.215789676133895,16,RTX PRO 4500,EPYC-12ch,1,16,,PCIe5,GPU MLP
16x12-ch DDR5+RTX PRO 4500@NVLink,CPU+GPU,80700,4311.578947368421,1.4244060672450063,16,RTX PRO 4500,EPYC-12ch,1,16,,NVLink,GPU MLP
1x12-ch DDR5+RTX 4090@PCIe4,CPU+GPU,6800,644.8942869995502,8.495608473867595,16,RTX 4090,EPYC-12ch,1,1,,PCIe4,CPU embed
1x12-ch DDR5+RTX 4090@PCIe5,CPU+GPU,6800,644.8942869995502,7.643640473867595,16,RTX 4090,EPYC-12ch,1,1,,PCIe5,CPU embed
1x12-ch DDR5+RTX 4090@NVLink,CPU+GPU,6800,644.8942869995502,6.852256864978706,16,RTX 4090,EPYC-12ch,1,1,,NVLink,CPU embed
2x12-ch DDR5+RTX 4090@PCIe4,CPU+GPU,11800,1276.4478476264871,5.353084996067705,16,RTX 4090,EPYC-12ch,1,2,,PCIe4,CPU embed
2x12-ch DDR5+RTX 4090@PCIe5,CPU+GPU,11800,1276.4478476264871,4.501116996067704,16,RTX 4090,EPYC-12ch,1,2,,PCIe5,CPU embed
2x12-ch DDR5+RTX 4090@NVLink,CPU+GPU,11800,1276.4478476264871,3.709733387178815,16,RTX 4090,EPYC-12ch,1,2,,NVLink,CPU embed
4x12-ch DDR5+RTX 4090@PCIe4,CPU+GPU,21800,2403.846153846154,3.765401299186946,16,RTX 4090,EPYC-12ch,1,4,,PCIe4,transfer
4x12-ch DDR5+RTX 4090@PCIe5,CPU+GPU,21800,2526.490217940834,2.9134332991869463,16,RTX 4090,EPYC-12ch,1,4,,PCIe5,CPU embed
4x12-ch DDR5+RTX 4090@NVLink,CPU+GPU,21800,2526.490217940834,2.122049690298057,16,RTX 4090,EPYC-12ch,1,4,,NVLink,CPU embed
8x12-ch DDR5+RTX 4090@PCIe4,CPU+GPU,41800,2403.846153846154,2.963262655148639,16,RTX 4090,EPYC-12ch,1,8,,PCIe4,transfer
8x12-ch DDR5+RTX 4090@PCIe5,CPU+GPU,41800,4807.692307692308,2.111294655148639,16,RTX 4090,EPYC-12ch,1,8,,PCIe5,transfer
8x12-ch DDR5+RTX 4090@NVLink,CPU+GPU,41800,5000.715723106106,1.31991104625975,16,RTX 4090,EPYC-12ch,1,8,,NVLink,CPU embed
16x12-ch DDR5+RTX 4090@PCIe4,CPU+GPU,81800,2403.846153846154,2.5580015785729198,16,RTX 4090,EPYC-12ch,1,16,,PCIe4,transfer
16x12-ch DDR5+RTX 4090@PCIe5,CPU+GPU,81800,4807.692307692308,1.7060335785729195,16,RTX 4090,EPYC-12ch,1,16,,PCIe5,transfer
16x12-ch DDR5+RTX 4090@NVLink,CPU+GPU,81800,9303.93351800554,0.9146499696840307,16,RTX 4090,EPYC-12ch,1,16,,NVLink,GPU MLP
1x12-ch DDR5+RTX 5090@PCIe4,CPU+GPU,7500,644.8942869995502,8.399174095238095,16,RTX 5090,EPYC-12ch,1,1,,PCIe4,CPU embed
1x12-ch DDR5+RTX 5090@PCIe5,CPU+GPU,7500,644.8942869995502,7.547206095238095,16,RTX 5090,EPYC-12ch,1,1,,PCIe5,CPU embed
1x12-ch DDR5+RTX 5090@NVLink,CPU+GPU,7500,644.8942869995502,6.755822486349206,16,RTX 5090,EPYC-12ch,1,1,,NVLink,CPU embed
2x12-ch DDR5+RTX 5090@PCIe4,CPU+GPU,12500,1276.4478476264871,5.256650617438204,16,RTX 5090,EPYC-12ch,1,2,,PCIe4,CPU embed
2x12-ch DDR5+RTX 5090@PCIe5,CPU+GPU,12500,1276.4478476264871,4.404682617438204,16,RTX 5090,EPYC-12ch,1,2,,PCIe5,CPU embed
2x12-ch DDR5+RTX 5090@NVLink,CPU+GPU,12500,1276.4478476264871,3.6132990085493146,16,RTX 5090,EPYC-12ch,1,2,,NVLink,CPU embed
4x12-ch DDR5+RTX 5090@PCIe4,CPU+GPU,22500,2403.846153846154,3.6689669205574456,16,RTX 5090,EPYC-12ch,1,4,,PCIe4,transfer
4x12-ch DDR5+RTX 5090@PCIe5,CPU+GPU,22500,2526.490217940834,2.8169989205574457,16,RTX 5090,EPYC-12ch,1,4,,PCIe5,CPU embed
4x12-ch DDR5+RTX 5090@NVLink,CPU+GPU,22500,2526.490217940834,2.0256153116685565,16,RTX 5090,EPYC-12ch,1,4,,NVLink,CPU embed
8x12-ch DDR5+RTX 5090@PCIe4,CPU+GPU,42500,2403.846153846154,2.8668282765191386,16,RTX 5090,EPYC-12ch,1,8,,PCIe4,transfer
8x12-ch DDR5+RTX 5090@PCIe5,CPU+GPU,42500,4807.692307692308,2.0148602765191383,16,RTX 5090,EPYC-12ch,1,8,,PCIe5,transfer
8x12-ch DDR5+RTX 5090@NVLink,CPU+GPU,42500,5000.715723106106,1.2234766676302495,16,RTX 5090,EPYC-12ch,1,8,,NVLink,CPU embed
16x12-ch DDR5+RTX 5090@PCIe4,CPU+GPU,82500,2403.846153846154,2.461567199943419,16,RTX 5090,EPYC-12ch,1,16,,PCIe4,transfer
16x12-ch DDR5+RTX 5090@PCIe5,CPU+GPU,82500,4807.692307692308,1.609599199943419,16,RTX 5090,EPYC-12ch,1,16,,PCIe5,transfer
16x12-ch DDR5+RTX 5090@NVLink,CPU+GPU,82500,9897.983204424287,0.8182155910545301,16,RTX 5090,EPYC-12ch,1,16,,NVLink,CPU embed
1x12-ch DDR5+A100 40GB@PCIe4,CPU+GPU,15000,644.8942869995502,8.296031238095237,16,A100 40GB,EPYC-12ch,1,1,,PCIe4,CPU embed
1x12-ch DDR5+A100 40GB@PCIe5,CPU+GPU,15000,644.8942869995502,7.444063238095238,16,A100 40GB,EPYC-12ch,1,1,,PCIe5,CPU embed
1x12-ch DDR5+A100 40GB@NVLink,CPU+GPU,15000,644.8942869995502,6.652679629206348,16,A100 40GB,EPYC-12ch,1,1,,NVLink,CPU embed
2x12-ch DDR5+A100 40GB@PCIe4,CPU+GPU,20000,1276.4478476264871,5.153507760295347,16,A100 40GB,EPYC-12ch,1,2,,PCIe4,CPU embed
2x12-ch DDR5+A100 40GB@PCIe5,CPU+GPU,20000,1276.4478476264871,4.301539760295347,16,A100 40GB,EPYC-12ch,1,2,,PCIe5,CPU embed
2x12-ch DDR5+A100 40GB@NVLink,CPU+GPU,20000,1276.4478476264871,3.5101561514064574,16,A100 40GB,EPYC-12ch,1,2,,NVLink,CPU embed
4x12-ch DDR5+A100 40GB@PCIe4,CPU+GPU,30000,2403.846153846154,3.5658240634145884,16,A100 40GB,EPYC-12ch,1,4,,PCIe4,transfer
4x12-ch DDR5+A100 40GB@PCIe5,CPU+GPU,30000,2526.490217940834,2.7138560634145885,16,A100 40GB,EPYC-12ch,1,4,,PCIe5,CPU embed
4x12-ch DDR5+A100 40GB@NVLink,CPU+GPU,30000,2526.490217940834,1.9224724545256993,16,A100 40GB,EPYC-12ch,1,4,,NVLink,CPU embed
8x12-ch DDR5+A100 40GB@PCIe4,CPU+GPU,50000,2403.846153846154,2.7636854193762814,16,A100 40GB,EPYC-12ch,1,8,,PCIe4,transfer
8x12-ch DDR5+A100 40GB@PCIe5,CPU+GPU,50000,4807.692307692308,1.9117174193762811,16,A100 40GB,EPYC-12ch,1,8,,PCIe5,transfer
8x12-ch DDR5+A100 40GB@NVLink,CPU+GPU,50000,5000.715723106106,1.1203338104873923,16,A100 40GB,EPYC-12ch,1,8,,NVLink,CPU embed
16x12-ch DDR5+A100 40GB@PCIe4,CPU+GPU,90000,2403.846153846154,2.358424342800562,16,A100 40GB,EPYC-12ch,1,16,,PCIe4,transfer
16x12-ch DDR5+A100 40GB@PCIe5,CPU+GPU,90000,4807.692307692308,1.5064563428005617,16,A100 40GB,EPYC-12ch,1,16,,PCIe5,transfer
16x12-ch DDR5+A100 40GB@NVLink,CPU+GPU,90000,9897.983204424287,0.7150727339116729,16,A100 40GB,EPYC-12ch,1,16,,NVLink,CPU embed
1x12-ch DDR5+A100 80GB@PCIe4,CPU+GPU,20000,644.8942869995502,8.296031238095237,16,A100 80GB,EPYC-12ch,1,1,,PCIe4,CPU embed
1x12-ch DDR5+A100 80GB@PCIe5,CPU+GPU,20000,644.8942869995502,7.444063238095238,16,A100 80GB,EPYC-12ch,1,1,,PCIe5,CPU embed
1x12-ch DDR5+A100 80GB@NVLink,CPU+GPU,20000,644.8942869995502,6.652679629206348,16,A100 80GB,EPYC-12ch,1,1,,NVLink,CPU embed
2x12-ch DDR5+A100 80GB@PCIe4,CPU+GPU,25000,1276.4478476264871,5.153507760295347,16,A100 80GB,EPYC-12ch,1,2,,PCIe4,CPU embed
2x12-ch DDR5+A100 80GB@PCIe5,CPU+GPU,25000,1276.4478476264871,4.301539760295347,16,A100 80GB,EPYC-12ch,1,2,,PCIe5,CPU embed
2x12-ch DDR5+A100 80GB@NVLink,CPU+GPU,25000,1276.4478476264871,3.5101561514064574,16,A100 80GB,EPYC-12ch,1,2,,NVLink,CPU embed
4x12-ch DDR5+A100 80GB@PCIe4,CPU+GPU,35000,2403.846153846154,3.5658240634145884,16,A100 80GB,EPYC-12ch,1,4,,PCIe4,transfer
4x12-ch DDR5+A100 80GB@PCIe5,CPU+GPU,35000,2526.490217940834,2.7138560634145885,16,A100 80GB,EPYC-12ch,1,4,,PCIe5,CPU embed
4x12-ch DDR5+A100 80GB@NVLink,CPU+GPU,35000,2526.490217940834,1.9224724545256993,16,A100 80GB,EPYC-12ch,1,4,,NVLink,CPU embed
8x12-ch DDR5+A100 80GB@PCIe4,CPU+GPU,55000,2403.846153846154,2.7636854193762814,16,A100 80GB,EPYC-12ch,1,8,,PCIe4,transfer
8x12-ch DDR5+A100 80GB@PCIe5,CPU+GPU,55000,4807.692307692308,1.9117174193762811,16,A100 80GB,EPYC-12ch,1,8,,PCIe5,transfer
8x12-ch DDR5+A100 80GB@NVLink,CPU+GPU,55000,5000.715723106106,1.1203338104873923,16,A100 80GB,EPYC-12ch,1,8,,NVLink,CPU embed
16x12-ch DDR5+A100 80GB@PCIe4,CPU+GPU,95000,2403.846153846154,2.358424342800562,16,A100 80GB,EPYC-12ch,1,16,,PCIe4,transfer
16x12-ch DDR5+A100 80GB@PCIe5,CPU+GPU,95000,4807.692307692308,1.5064563428005617,16,A100 80GB,EPYC-12ch,1,16,,PCIe5,transfer
16x12-ch DDR5+A100 80GB@NVLink,CPU+GPU,95000,9897.983204424287,0.7150727339116729,16,A100 80GB,EPYC-12ch,1,16,,NVLink,CPU embed
1x4-ch DDR5+RTX 4060+U280@PCIe4,CPU+GPU+CGRA,4100,283.75348627980213,17.94400093506493,16,RTX 4060,Xeon-4ch,1,1,U280,PCIe4,embed
1x4-ch DDR5+RTX 4060+U280@PCIe5,CPU+GPU+CGRA,4100,283.75348627980213,17.092032935064932,16,RTX 4060,Xeon-4ch,1,1,U280,PCIe5,embed
1x4-ch DDR5+RTX 4060+U280@NVLink,CPU+GPU+CGRA,4100,283.75348627980213,16.300649326176046,16,RTX 4060,Xeon-4ch,1,1,U280,NVLink,embed
2x4-ch DDR5+RTX 4060+U280@PCIe4,CPU+GPU+CGRA,4900,561.6370529556544,10.801902121883362,16,RTX 4060,Xeon-4ch,1,2,U280,PCIe4,embed
2x4-ch DDR5+RTX 4060+U280@PCIe5,CPU+GPU+CGRA,4900,561.6370529556544,9.949934121883363,16,RTX 4060,Xeon-4ch,1,2,U280,PCIe5,embed
2x4-ch DDR5+RTX 4060+U280@NVLink,CPU+GPU+CGRA,4900,561.6370529556544,9.158550512994474,16,RTX 4060,Xeon-4ch,1,2,U280,NVLink,embed
4x4-ch DDR5+RTX 4060+U280@PCIe4,CPU+GPU+CGRA,6500,689.9016396093372,9.052798222222222,16,RTX 4060,Xeon-4ch,1,4,U280,PCIe4,embed
4x4-ch DDR5+RTX 4060+U280@PCIe5,CPU+GPU+CGRA,6500,689.9016396093372,8.397438222222222,16,RTX 4060,Xeon-4ch,1,4,U280,PCIe5,embed
4x4-ch DDR5+RTX 4060+U280@NVLink,CPU+GPU+CGRA,6500,689.9016396093372,7.7886816,16,RTX 4060,Xeon-4ch,1,4,U280,NVLink,embed
1x4-ch DDR5+RTX 4060+Versal HBM@PCIe4,CPU+GPU+CGRA,6100,400.98360024065283,14.248105599999999,16,RTX 4060,Xeon-4ch,1,1,Versal HBM,PCIe4,embed
1x4-ch DDR5+RTX 4060+Versal HBM@PCIe5,CPU+GPU+CGRA,6100,400.98360024065283,13.1339936,16,RTX 4060,Xeon-4ch,1,1,Versal HBM,PCIe5,embed
1x4-ch DDR5+RTX 4060+Versal HBM@NVLink,CPU+GPU+CGRA,6100,400.98360024065283,12.099107342222222,16,RTX 4060,Xeon-4ch,1,1,Versal HBM,NVLink,embed
2x4-ch DDR5+RTX 4060+Versal HBM@PCIe4,CPU+GPU+CGRA,6900,730.1281688423508,9.51212593991028,16,RTX 4060,Xeon-4ch,1,2,Versal HBM,PCIe4,embed
2x4-ch DDR5+RTX 4060+Versal HBM@PCIe5,CPU+GPU+CGRA,6900,730.1281688423508,8.46354993991028,16,RTX 4060,Xeon-4ch,1,2,Versal HBM,PCIe5,embed
2x4-ch DDR5+RTX 4060+Versal HBM@NVLink,CPU+GPU+CGRA,6900,730.1281688423508,7.489539344354725,16,RTX 4060,Xeon-4ch,1,2,Versal HBM,NVLink,embed
4x4-ch DDR5+RTX 4060+Versal HBM@PCIe4,CPU+GPU+CGRA,8500,801.9672004813057,8.0920888,16,RTX 4060,Xeon-4ch,1,4,Versal HBM,PCIe4,embed
4x4-ch DDR5+RTX 4060+Versal HBM@PCIe5,CPU+GPU+CGRA,8500,801.9672004813057,7.502264800000001,16,RTX 4060,Xeon-4ch,1,4,Versal HBM,PCIe5,embed
4x4-ch DDR5+RTX 4060+Versal HBM@NVLink,CPU+GPU+CGRA,8500,801.9672004813057,6.95438384,16,RTX 4060,Xeon-4ch,1,4,Versal HBM,NVLink,embed
1x4-ch DDR5+RTX 4060+Versal Premium@PCIe4,CPU+GPU+CGRA,9100,1015.7091723101016,8.8523064,16,RTX 4060,Xeon-4ch,1,1,Versal Premium,PCIe4,embed
1x4-ch DDR5+RTX 4060+Versal Premium@PCIe5,CPU+GPU+CGRA,9100,1015.7091723101016,7.3449784000000005,16,RTX 4060,Xeon-4ch,1,1,Versal Premium,PCIe5,embed
1x4-ch DDR5+RTX 4060+Versal Premium@NVLink,CPU+GPU+CGRA,9100,1015.7091723101016,5.944838168888889,16,RTX 4060,Xeon-4ch,1,1,Versal Premium,NVLink,embed
2x4-ch DDR5+RTX 4060+Versal Premium@PCIe4,CPU+GPU+CGRA,9900,1015.7091723101016,8.3280184,16,RTX 4060,Xeon-4ch,1,2,Versal Premium,PCIe4,embed
2x4-ch DDR5+RTX 4060+Versal Premium@PCIe5,CPU+GPU+CGRA,9900,1015.7091723101016,7.082834399999999,16,RTX 4060,Xeon-4ch,1,2,Versal Premium,PCIe5,embed
2x4-ch DDR5+RTX 4060+Versal Premium@NVLink,CPU+GPU+CGRA,9900,1015.7091723101016,5.926196817777777,16,RTX 4060,Xeon-4ch,1,2,Versal Premium,NVLink,embed
4x4-ch DDR5+RTX 4060+Versal Premium@PCIe4,CPU+GPU+CGRA,11500,1015.7091723101016,7.4105144,16,RTX 4060,Xeon-4ch,1,4,Versal Premium,PCIe4,embed
4x4-ch DDR5+RTX 4060+Versal Premium@PCIe5,CPU+GPU+CGRA,11500,1015.7091723101016,6.624082399999999,16,RTX 4060,Xeon-4ch,1,4,Versal Premium,PCIe5,embed
4x4-ch DDR5+RTX 4060+Versal Premium@NVLink,CPU+GPU+CGRA,11500,1015.7091723101016,5.893574453333333,16,RTX 4060,Xeon-4ch,1,4,Versal Premium,NVLink,embed
1x4-ch DDR5+RTX PRO 4500+U280@PCIe4,CPU+GPU+CGRA,4500,283.75348627980213,17.08900093506493,16,RTX PRO 4500,Xeon-4ch,1,1,U280,PCIe4,embed
1x4-ch DDR5+RTX PRO 4500+U280@PCIe5,CPU+GPU+CGRA,4500,283.75348627980213,16.23703293506493,16,RTX PRO 4500,Xeon-4ch,1,1,U280,PCIe5,embed
1x4-ch DDR5+RTX PRO 4500+U280@NVLink,CPU+GPU+CGRA,4500,283.75348627980213,15.445649326176044,16,RTX PRO 4500,Xeon-4ch,1,1,U280,NVLink,embed
2x4-ch DDR5+RTX PRO 4500+U280@PCIe4,CPU+GPU+CGRA,5300,561.6370529556544,9.946902121883362,16,RTX PRO 4500,Xeon-4ch,1,2,U280,PCIe4,embed
2x4-ch DDR5+RTX PRO 4500+U280@PCIe5,CPU+GPU+CGRA,5300,561.6370529556544,9.094934121883362,16,RTX PRO 4500,Xeon-4ch,1,2,U280,PCIe5,embed
2x4-ch DDR5+RTX PRO 4500+U280@NVLink,CPU+GPU+CGRA,5300,561.6370529556544,8.303550512994473,16,RTX PRO 4500,Xeon-4ch,1,2,U280,NVLink,embed
4x4-ch DDR5+RTX PRO 4500+U280@PCIe4,CPU+GPU+CGRA,6900,689.9016396093372,8.197798222222222,16,RTX PRO 4500,Xeon-4ch,1,4,U280,PCIe4,embed
4x4-ch DDR5+RTX PRO 4500+U280@PCIe5,CPU+GPU+CGRA,6900,689.9016396093372,7.542438222222223,16,RTX PRO 4500,Xeon-4ch,1,4,U280,PCIe5,embed
4x4-ch DDR5+RTX PRO 4500+U280@NVLink,CPU+GPU+CGRA,6900,689.9016396093372,6.933681600000001,16,RTX PRO 4500,Xeon-4ch,1,4,U280,NVLink,embed
1x4-ch DDR5+RTX PRO 4500+Versal HBM@PCIe4,CPU+GPU+CGRA,6500,400.98360024065283,13.393105599999998,16,RTX PRO 4500,Xeon-4ch,1,1,Versal HBM,PCIe4,embed
1x4-ch DDR5+RTX PRO 4500+Versal HBM@PCIe5,CPU+GPU+CGRA,6500,400.98360024065283,12.2789936,16,RTX PRO 4500,Xeon-4ch,1,1,Versal HBM,PCIe5,embed
1x4-ch DDR5+RTX PRO 4500+Versal HBM@NVLink,CPU+GPU+CGRA,6500,400.98360024065283,11.244107342222222,16,RTX PRO 4500,Xeon-4ch,1,1,Versal HBM,NVLink,embed
2x4-ch DDR5+RTX PRO 4500+Versal HBM@PCIe4,CPU+GPU+CGRA,7300,730.1281688423508,8.65712593991028,16,RTX PRO 4500,Xeon-4ch,1,2,Versal HBM,PCIe4,embed
2x4-ch DDR5+RTX PRO 4500+Versal HBM@PCIe5,CPU+GPU+CGRA,7300,730.1281688423508,7.60854993991028,16,RTX PRO 4500,Xeon-4ch,1,2,Versal HBM,PCIe5,embed
2x4-ch DDR5+RTX PRO 4500+Versal HBM@NVLink,CPU+GPU+CGRA,7300,730.1281688423508,6.6345393443547245,16,RTX PRO 4500,Xeon-4ch,1,2,Versal HBM,NVLink,embed
4x4-ch DDR5+RTX PRO 4500+Versal HBM@PCIe4,CPU+GPU+CGRA,8900,801.9672004813057,7.2370888,16,RTX PRO 4500,Xeon-4ch,1,4,Versal HBM,PCIe4,embed
4x4-ch DDR5+RTX PRO 4500+Versal HBM@PCIe5,CPU+GPU+CGRA,8900,801.9672004813057,6.6472648,16,RTX PRO 4500,Xeon-4ch,1,4,Versal HBM,PCIe5,embed
4x4-ch DDR5+RTX PRO 4500+Versal HBM@NVLink,CPU+GPU+CGRA,8900,801.9672004813057,6.09938384,16,RTX PRO 4500,Xeon-4ch,1,4,Versal HBM,NVLink,embed
1x4-ch DDR5+RTX PRO 4500+Versal Premium@PCIe4,CPU+GPU+CGRA,9500,1015.7091723101016,7.9973064,16,RTX PRO 4500,Xeon-4ch,1,1,Versal Premium,PCIe4,embed
1x4-ch DDR5+RTX PRO 4500+Versal Premium@PCIe5,CPU+GPU+CGRA,9500,1015.7091723101016,6.4899784,16,RTX PRO 4500,Xeon-4ch,1,1,Versal Premium,PCIe5,embed
1x4-ch DDR5+RTX PRO 4500+Versal Premium@NVLink,CPU+GPU+CGRA,9500,1015.7091723101016,5.089838168888889,16,RTX PRO 4500,Xeon-4ch,1,1,Versal Premium,NVLink,embed
2x4-ch DDR5+RTX PRO 4500+Versal Premium@PCIe4,CPU+GPU+CGRA,10300,1015.7091723101016,7.4730184,16,RTX PRO 4500,Xeon-4ch,1,2,Versal Premium,PCIe4,embed
2x4-ch DDR5+RTX PRO 4500+Versal Premium@PCIe5,CPU+GPU+CGRA,10300,1015.7091723101016,6.2278344,16,RTX PRO 4500,Xeon-4ch,1,2,Versal Premium,PCIe5,embed
2x4-ch DDR5+RTX PRO 4500+Versal Premium@NVLink,CPU+GPU+CGRA,10300,1015.7091723101016,5.0711968177777775,16,RTX PRO 4500,Xeon-4ch,1,2,Versal Premium,NVLink,embed
4x4-ch DDR5+RTX PRO 4500+Versal Premium@PCIe4,CPU+GPU+CGRA,11900,1015.7091723101016,6.5555144,16,RTX PRO 4500,Xeon-4ch,1,4,Versal Premium,PCIe4,embed
4x4-ch DDR5+RTX PRO 4500+Versal Premium@PCIe5,CPU+GPU+CGRA,11900,1015.7091723101016,5.769082399999999,16,RTX PRO 4500,Xeon-4ch,1,4,Versal Premium,PCIe5,embed
4x4-ch DDR5+RTX PRO 4500+Versal Premium@NVLink,CPU+GPU+CGRA,11900,1015.7091723101016,5.038574453333333,16,RTX PRO 4500,Xeon-4ch,1,4,Versal Premium,NVLink,embed
1x4-ch DDR5+RTX 4090+U280@PCIe4,CPU+GPU+CGRA,5600,283.75348627980213,16.579244837503957,16,RTX 4090,Xeon-4ch,1,1,U280,PCIe4,embed
1x4-ch DDR5+RTX 4090+U280@PCIe5,CPU+GPU+CGRA,5600,283.75348627980213,15.727276837503956,16,RTX 4090,Xeon-4ch,1,1,U280,PCIe5,embed
1x4-ch DDR5+RTX 4090+U280@NVLink,CPU+GPU+CGRA,5600,283.75348627980213,14.935893228615068,16,RTX 4090,Xeon-4ch,1,1,U280,NVLink,embed
2x4-ch DDR5+RTX 4090+U280@PCIe4,CPU+GPU+CGRA,6400,561.6370529556544,9.437146024322386,16,RTX 4090,Xeon-4ch,1,2,U280,PCIe4,embed
2x4-ch DDR5+RTX 4090+U280@PCIe5,CPU+GPU+CGRA,6400,561.6370529556544,8.585178024322387,16,RTX 4090,Xeon-4ch,1,2,U280,PCIe5,embed
2x4-ch DDR5+RTX 4090+U280@NVLink,CPU+GPU+CGRA,6400,561.6370529556544,7.793794415433498,16,RTX 4090,Xeon-4ch,1,2,U280,NVLink,embed
4x4-ch DDR5+RTX 4090+U280@PCIe4,CPU+GPU+CGRA,8000,689.9016396093372,7.688042124661247,16,RTX 4090,Xeon-4ch,1,4,U280,PCIe4,embed
4x4-ch DDR5+RTX 4090+U280@PCIe5,CPU+GPU+CGRA,8000,689.9016396093372,7.032682124661247,16,RTX 4090,Xeon-4ch,1,4,U280,PCIe5,embed
4x4-ch DDR5+RTX 4090+U280@NVLink,CPU+GPU+CGRA,8000,689.9016396093372,6.423925502439025,16,RTX 4090,Xeon-4ch,1,4,U280,NVLink,embed
1x4-ch DDR5+RTX 4090+Versal HBM@PCIe4,CPU+GPU+CGRA,7600,400.98360024065283,12.883349502439023,16,RTX 4090,Xeon-4ch,1,1,Versal HBM,PCIe4,embed
1x4-ch DDR5+RTX 4090+Versal HBM@PCIe5,CPU+GPU+CGRA,7600,400.98360024065283,11.769237502439024,16,RTX 4090,Xeon-4ch,1,1,Versal HBM,PCIe5,embed
1x4-ch DDR5+RTX 4090+Versal HBM@NVLink,CPU+GPU+CGRA,7600,400.98360024065283,10.734351244661246,16,RTX 4090,Xeon-4ch,1,1,Versal HBM,NVLink,embed
2x4-ch DDR5+RTX 4090+Versal HBM@PCIe4,CPU+GPU+CGRA,8400,730.1281688423508,8.147369842349304,16,RTX 4090,Xeon-4ch,1,2,Versal HBM,PCIe4,embed
2x4-ch DDR5+RTX 4090+Versal HBM@PCIe5,CPU+GPU+CGRA,8400,730.1281688423508,7.098793842349305,16,RTX 4090,Xeon-4ch,1,2,Versal HBM,PCIe5,embed
2x4-ch DDR5+RTX 4090+Versal HBM@NVLink,CPU+GPU+CGRA,8400,730.1281688423508,6.124783246793749,16,RTX 4090,Xeon-4ch,1,2,Versal HBM,NVLink,embed
4x4-ch DDR5+RTX 4090+Versal HBM@PCIe4,CPU+GPU+CGRA,10000,801.9672004813057,6.727332702439025,16,RTX 4090,Xeon-4ch,1,4,Versal HBM,PCIe4,embed
4x4-ch DDR5+RTX 4090+Versal HBM@PCIe5,CPU+GPU+CGRA,10000,801.9672004813057,6.137508702439025,16,RTX 4090,Xeon-4ch,1,4,Versal HBM,PCIe5,embed
4x4-ch DDR5+RTX 4090+Versal HBM@NVLink,CPU+GPU+CGRA,10000,801.9672004813057,5.589627742439024,16,RTX 4090,Xeon-4ch,1,4,Versal HBM,NVLink,embed
1x4-ch DDR5+RTX 4090+Versal Premium@PCIe4,CPU+GPU+CGRA,10600,1015.7091723101016,7.487550302439025,16,RTX 4090,Xeon-4ch,1,1,Versal Premium,PCIe4,embed
1x4-ch DDR5+RTX 4090+Versal Premium@PCIe5,CPU+GPU+CGRA,10600,1015.7091723101016,5.980222302439024,16,RTX 4090,Xeon-4ch,1,1,Versal Premium,PCIe5,embed
1x4-ch DDR5+RTX 4090+Versal Premium@NVLink,CPU+GPU+CGRA,10600,1015.7091723101016,4.580082071327913,16,RTX 4090,Xeon-4ch,1,1,Versal Premium,NVLink,embed
2x4-ch DDR5+RTX 4090+Versal Premium@PCIe4,CPU+GPU+CGRA,11400,1015.7091723101016,6.963262302439024,16,RTX 4090,Xeon-4ch,1,2,Versal Premium,PCIe4,embed
2x4-ch DDR5+RTX 4090+Versal Premium@PCIe5,CPU+GPU+CGRA,11400,1015.7091723101016,5.718078302439024,16,RTX 4090,Xeon-4ch,1,2,Versal Premium,PCIe5,embed
2x4-ch DDR5+RTX 4090+Versal Premium@NVLink,CPU+GPU+CGRA,11400,1015.7091723101016,4.561440720216802,16,RTX 4090,Xeon-4ch,1,2,Versal Premium,NVLink,embed
4x4-ch DDR5+RTX 4090+Versal Premium@PCIe4,CPU+GPU+CGRA,13000,1015.7091723101016,6.045758302439024,16,RTX 4090,Xeon-4ch,1,4,Versal Premium,PCIe4,embed
4x4-ch DDR5+RTX 4090+Versal Premium@PCIe5,CPU+GPU+CGRA,13000,1015.7091723101016,5.259326302439024,16,RTX 4090,Xeon-4ch,1,4,Versal Premium,PCIe5,embed
4x4-ch DDR5+RTX 4090+Versal Premium@NVLink,CPU+GPU+CGRA,13000,1015.7091723101016,4.528818355772358,16,RTX 4090,Xeon-4ch,1,4,Versal Premium,NVLink,embed
1x4-ch DDR5+RTX 5090+U280@PCIe4,CPU+GPU+CGRA,6300,283.75348627980213,16.482810458874454,16,RTX 5090,Xeon-4ch,1,1,U280,PCIe4,embed
1x4-ch DDR5+RTX 5090+U280@PCIe5,CPU+GPU+CGRA,6300,283.75348627980213,15.630842458874456,16,RTX 5090,Xeon-4ch,1,1,U280,PCIe5,embed
1x4-ch DDR5+RTX 5090+U280@NVLink,CPU+GPU+CGRA,6300,283.75348627980213,14.839458849985569,16,RTX 5090,Xeon-4ch,1,1,U280,NVLink,embed
2x4-ch DDR5+RTX 5090+U280@PCIe4,CPU+GPU+CGRA,7100,561.6370529556544,9.340711645692886,16,RTX 5090,Xeon-4ch,1,2,U280,PCIe4,embed
2x4-ch DDR5+RTX 5090+U280@PCIe5,CPU+GPU+CGRA,7100,561.6370529556544,8.488743645692887,16,RTX 5090,Xeon-4ch,1,2,U280,PCIe5,embed
2x4-ch DDR5+RTX 5090+U280@NVLink,CPU+GPU+CGRA,7100,561.6370529556544,7.697360036803998,16,RTX 5090,Xeon-4ch,1,2,U280,NVLink,embed
4x4-ch DDR5+RTX 5090+U280@PCIe4,CPU+GPU+CGRA,8700,689.9016396093372,7.591607746031746,16,RTX 5090,Xeon-4ch,1,4,U280,PCIe4,embed
4x4-ch DDR5+RTX 5090+U280@PCIe5,CPU+GPU+CGRA,8700,689.9016396093372,6.936247746031746,16,RTX 5090,Xeon-4ch,1,4,U280,PCIe5,embed
4x4-ch DDR5+RTX 5090+U280@NVLink,CPU+GPU+CGRA,8700,689.9016396093372,6.327491123809525,16,RTX 5090,Xeon-4ch,1,4,U280,NVLink,embed
1x4-ch DDR5+RTX 5090+Versal HBM@PCIe4,CPU+GPU+CGRA,8300,400.98360024065283,12.786915123809523,16,RTX 5090,Xeon-4ch,1,1,Versal HBM,PCIe4,embed
1x4-ch DDR5+RTX 5090+Versal HBM@PCIe5,CPU+GPU+CGRA,8300,400.98360024065283,11.672803123809524,16,RTX 5090,Xeon-4ch,1,1,Versal HBM,PCIe5,embed
1x4-ch DDR5+RTX 5090+Versal HBM@NVLink,CPU+GPU+CGRA,8300,400.98360024065283,10.637916866031746,16,RTX 5090,Xeon-4ch,1,1,Versal HBM,NVLink,embed
2x4-ch DDR5+RTX 5090+Versal HBM@PCIe4,CPU+GPU+CGRA,9100,730.1281688423508,8.050935463719803,16,RTX 5090,Xeon-4ch,1,2,Versal HBM,PCIe4,embed
2x4-ch DDR5+RTX 5090+Versal HBM@PCIe5,CPU+GPU+CGRA,9100,730.1281688423508,7.002359463719804,16,RTX 5090,Xeon-4ch,1,2,Versal HBM,PCIe5,embed
2x4-ch DDR5+RTX 5090+Versal HBM@NVLink,CPU+GPU+CGRA,9100,730.1281688423508,6.028348868164248,16,RTX 5090,Xeon-4ch,1,2,Versal HBM,NVLink,embed
4x4-ch DDR5+RTX 5090+Versal HBM@PCIe4,CPU+GPU+CGRA,10700,801.9672004813057,6.630898323809524,16,RTX 5090,Xeon-4ch,1,4,Versal HBM,PCIe4,embed
4x4-ch DDR5+RTX 5090+Versal HBM@PCIe5,CPU+GPU+CGRA,10700,801.9672004813057,6.041074323809524,16,RTX 5090,Xeon-4ch,1,4,Versal HBM,PCIe5,embed
4x4-ch DDR5+RTX 5090+Versal HBM@NVLink,CPU+GPU+CGRA,10700,801.9672004813057,5.493193363809524,16,RTX 5090,Xeon-4ch,1,4,Versal HBM,NVLink,embed
1x4-ch DDR5+RTX 5090+Versal Premium@PCIe4,CPU+GPU+CGRA,11300,1015.7091723101016,7.391115923809524,16,RTX 5090,Xeon-4ch,1,1,Versal Premium,PCIe4,embed
1x4-ch DDR5+RTX 5090+Versal Premium@PCIe5,CPU+GPU+CGRA,11300,1015.7091723101016,5.883787923809524,16,RTX 5090,Xeon-4ch,1,1,Versal Premium,PCIe5,embed
1x4-ch DDR5+RTX 5090+Versal Premium@NVLink,CPU+GPU+CGRA,11300,1015.7091723101016,4.483647692698413,16,RTX 5090,Xeon-4ch,1,1,Versal Premium,NVLink,embed
2x4-ch DDR5+RTX 5090+Versal Premium@PCIe4,CPU+GPU+CGRA,12100,1015.7091723101016,6.866827923809524,16,RTX 5090,Xeon-4ch,1,2,Versal Premium,PCIe4,embed
2x4-ch DDR5+RTX 5090+Versal Premium@PCIe5,CPU+GPU+CGRA,12100,1015.7091723101016,5.621643923809524,16,RTX 5090,Xeon-4ch,1,2,Versal Premium,PCIe5,embed
2x4-ch DDR5+RTX 5090+Versal Premium@NVLink,CPU+GPU+CGRA,12100,1015.7091723101016,4.465006341587301,16,RTX 5090,Xeon-4ch,1,2,Versal Premium,NVLink,embed
4x4-ch DDR5+RTX 5090+Versal Premium@PCIe4,CPU+GPU+CGRA,13700,1015.7091723101016,5.949323923809524,16,RTX 5090,Xeon-4ch,1,4,Versal Premium,PCIe4,embed
4x4-ch DDR5+RTX 5090+Versal Premium@PCIe5,CPU+GPU+CGRA,13700,1015.7091723101016,5.162891923809523,16,RTX 5090,Xeon-4ch,1,4,Versal Premium,PCIe5,embed
4x4-ch DDR5+RTX 5090+Versal Premium@NVLink,CPU+GPU+CGRA,13700,1015.7091723101016,4.432383977142857,16,RTX 5090,Xeon-4ch,1,4,Versal Premium,NVLink,embed
1x4-ch DDR5+A100 40GB+U280@PCIe4,CPU+GPU+CGRA,13800,283.75348627980213,16.379667601731597,16,A100 40GB,Xeon-4ch,1,1,U280,PCIe4,embed
1x4-ch DDR5+A100 40GB+U280@PCIe5,CPU+GPU+CGRA,13800,283.75348627980213,15.527699601731598,16,A100 40GB,Xeon-4ch,1,1,U280,PCIe5,embed
1x4-ch DDR5+A100 40GB+U280@NVLink,CPU+GPU+CGRA,13800,283.75348627980213,14.73631599284271,16,A100 40GB,Xeon-4ch,1,1,U280,NVLink,embed
2x4-ch DDR5+A100 40GB+U280@PCIe4,CPU+GPU+CGRA,14600,561.6370529556544,9.237568788550028,16,A100 40GB,Xeon-4ch,1,2,U280,PCIe4,embed
2x4-ch DDR5+A100 40GB+U280@PCIe5,CPU+GPU+CGRA,14600,561.6370529556544,8.385600788550029,16,A100 40GB,Xeon-4ch,1,2,U280,PCIe5,embed
2x4-ch DDR5+A100 40GB+U280@NVLink,CPU+GPU+CGRA,14600,561.6370529556544,7.594217179661141,16,A100 40GB,Xeon-4ch,1,2,U280,NVLink,embed
4x4-ch DDR5+A100 40GB+U280@PCIe4,CPU+GPU+CGRA,16200,689.9016396093372,7.488464888888889,16,A100 40GB,Xeon-4ch,1,4,U280,PCIe4,embed
4x4-ch DDR5+A100 40GB+U280@PCIe5,CPU+GPU+CGRA,16200,689.9016396093372,6.833104888888889,16,A100 40GB,Xeon-4ch,1,4,U280,PCIe5,embed
4x4-ch DDR5+A100 40GB+U280@NVLink,CPU+GPU+CGRA,16200,689.9016396093372,6.224348266666667,16,A100 40GB,Xeon-4ch,1,4,U280,NVLink,embed
1x4-ch DDR5+A100 40GB+Versal HBM@PCIe4,CPU+GPU+CGRA,15800,400.98360024065283,12.683772266666665,16,A100 40GB,Xeon-4ch,1,1,Versal HBM,PCIe4,embed
1x4-ch DDR5+A100 40GB+Versal HBM@PCIe5,CPU+GPU+CGRA,15800,400.98360024065283,11.569660266666666,16,A100 40GB,Xeon-4ch,1,1,Versal HBM,PCIe5,embed
1x4-ch DDR5+A100 40GB+Versal HBM@NVLink,CPU+GPU+CGRA,15800,400.98360024065283,10.534774008888888,16,A100 40GB,Xeon-4ch,1,1,Versal HBM,NVLink,embed
2x4-ch DDR5+A100 40GB+Versal HBM@PCIe4,CPU+GPU+CGRA,16600,730.1281688423508,7.947792606576947,16,A100 40GB,Xeon-4ch,1,2,Versal HBM,PCIe4,embed
2x4-ch DDR5+A100 40GB+Versal HBM@PCIe5,CPU+GPU+CGRA,16600,730.1281688423508,6.899216606576947,16,A100 40GB,Xeon-4ch,1,2,Versal HBM,PCIe5,embed
2x4-ch DDR5+A100 40GB+Versal HBM@NVLink,CPU+GPU+CGRA,16600,730.1281688423508,5.925206011021391,16,A100 40GB,Xeon-4ch,1,2,Versal HBM,NVLink,embed
4x4-ch DDR5+A100 40GB+Versal HBM@PCIe4,CPU+GPU+CGRA,18200,801.9672004813057,6.527755466666667,16,A100 40GB,Xeon-4ch,1,4,Versal HBM,PCIe4,embed
4x4-ch DDR5+A100 40GB+Versal HBM@PCIe5,CPU+GPU+CGRA,18200,801.9672004813057,5.937931466666667,16,A100 40GB,Xeon-4ch,1,4,Versal HBM,PCIe5,embed
4x4-ch DDR5+A100 40GB+Versal HBM@NVLink,CPU+GPU+CGRA,18200,801.9672004813057,5.390050506666666,16,A100 40GB,Xeon-4ch,1,4,Versal HBM,NVLink,embed
1x4-ch DDR5+A100 40GB+Versal Premium@PCIe4,CPU+GPU+CGRA,18800,1015.7091723101016,7.287973066666667,16,A100 40GB,Xeon-4ch,1,1,Versal Premium,PCIe4,embed
1x4-ch DDR5+A100 40GB+Versal Premium@PCIe5,CPU+GPU+CGRA,18800,1015.7091723101016,5.780645066666667,16,A100 40GB,Xeon-4ch,1,1,Versal Premium,PCIe5,embed
1x4-ch DDR5+A100 40GB+Versal Premium@NVLink,CPU+GPU+CGRA,18800,1015.7091723101016,4.380504835555556,16,A100 40GB,Xeon-4ch,1,1,Versal Premium,NVLink,embed
2x4-ch DDR5+A100 40GB+Versal Premium@PCIe4,CPU+GPU+CGRA,19600,1015.7091723101016,6.763685066666667,16,A100 40GB,Xeon-4ch,1,2,Versal Premium,PCIe4,embed
2x4-ch DDR5+A100 40GB+Versal Premium@PCIe5,CPU+GPU+CGRA,19600,1015.7091723101016,5.5185010666666665,16,A100 40GB,Xeon-4ch,1,2,Versal Premium,PCIe5,embed
2x4-ch DDR5+A100 40GB+Versal Premium@NVLink,CPU+GPU+CGRA,19600,1015.7091723101016,4.361863484444444,16,A100 40GB,Xeon-4ch,1,2,Versal Premium,NVLink,embed
4x4-ch DDR5+A100 40GB+Versal Premium@PCIe4,CPU+GPU+CGRA,21200,1015.7091723101016,5.8461810666666665,16,A100 40GB,Xeon-4ch,1,4,Versal Premium,PCIe4,embed
4x4-ch DDR5+A100 40GB+Versal Premium@PCIe5,CPU+GPU+CGRA,21200,1015.7091723101016,5.059749066666666,16,A100 40GB,Xeon-4ch,1,4,Versal Premium,PCIe5,embed
4x4-ch DDR5+A100 40GB+Versal Premium@NVLink,CPU+GPU+CGRA,21200,1015.7091723101016,4.32924112,16,A100 40GB,Xeon-4ch,1,4,Versal Premium,NVLink,embed
1x4-ch DDR5+A100 80GB+U280@PCIe4,CPU+GPU+CGRA,18800,283.75348627980213,16.379667601731597,16,A100 80GB,Xeon-4ch,1,1,U280,PCIe4,embed
1x4-ch DDR5+A100 80GB+U280@PCIe5,CPU+GPU+CGRA,18800,283.75348627980213,15.527699601731598,16,A100 80GB,Xeon-4ch,1,1,U280,PCIe5,embed
1x4-ch DDR5+A100 80GB+U280@NVLink,CPU+GPU+CGRA,18800,283.75348627980213,14.73631599284271,16,A100 80GB,Xeon-4ch,1,1,U280,NVLink,embed
2x4-ch DDR5+A100 80GB+U280@PCIe4,CPU+GPU+CGRA,19600,561.6370529556544,9.237568788550028,16,A100 80GB,Xeon-4ch,1,2,U280,PCIe4,embed
2x4-ch DDR5+A100 80GB+U280@PCIe5,CPU+GPU+CGRA,19600,561.6370529556544,8.385600788550029,16,A100 80GB,Xeon-4ch,1,2,U280,PCIe5,embed
2x4-ch DDR5+A100 80GB+U280@NVLink,CPU+GPU+CGRA,19600,561.6370529556544,7.594217179661141,16,A100 80GB,Xeon-4ch,1,2,U280,NVLink,embed
4x4-ch DDR5+A100 80GB+U280@PCIe4,CPU+GPU+CGRA,21200,689.9016396093372,7.488464888888889,16,A100 80GB,Xeon-4ch,1,4,U280,PCIe4,embed
4x4-ch DDR5+A100 80GB+U280@PCIe5,CPU+GPU+CGRA,21200,689.9016396093372,6.833104888888889,16,A100 80GB,Xeon-4ch,1,4,U280,PCIe5,embed
4x4-ch DDR5+A100 80GB+U280@NVLink,CPU+GPU+CGRA,21200,689.9016396093372,6.224348266666667,16,A100 80GB,Xeon-4ch,1,4,U280,NVLink,embed
1x4-ch DDR5+A100 80GB+Versal HBM@PCIe4,CPU+GPU+CGRA,20800,400.98360024065283,12.683772266666665,16,A100 80GB,Xeon-4ch,1,1,Versal HBM,PCIe4,embed
1x4-ch DDR5+A100 80GB+Versal HBM@PCIe5,CPU+GPU+CGRA,20800,400.98360024065283,11.569660266666666,16,A100 80GB,Xeon-4ch,1,1,Versal HBM,PCIe5,embed
1x4-ch DDR5+A100 80GB+Versal HBM@NVLink,CPU+GPU+CGRA,20800,400.98360024065283,10.534774008888888,16,A100 80GB,Xeon-4ch,1,1,Versal HBM,NVLink,embed
2x4-ch DDR5+A100 80GB+Versal HBM@PCIe4,CPU+GPU+CGRA,21600,730.1281688423508,7.947792606576947,16,A100 80GB,Xeon-4ch,1,2,Versal HBM,PCIe4,embed
2x4-ch DDR5+A100 80GB+Versal HBM@PCIe5,CPU+GPU+CGRA,21600,730.1281688423508,6.899216606576947,16,A100 80GB,Xeon-4ch,1,2,Versal HBM,PCIe5,embed
2x4-ch DDR5+A100 80GB+Versal HBM@NVLink,CPU+GPU+CGRA,21600,730.1281688423508,5.925206011021391,16,A100 80GB,Xeon-4ch,1,2,Versal HBM,NVLink,embed
4x4-ch DDR5+A100 80GB+Versal HBM@PCIe4,CPU+GPU+CGRA,23200,801.9672004813057,6.527755466666667,16,A100 80GB,Xeon-4ch,1,4,Versal HBM,PCIe4,embed
4x4-ch DDR5+A100 80GB+Versal HBM@PCIe5,CPU+GPU+CGRA,23200,801.9672004813057,5.937931466666667,16,A100 80GB,Xeon-4ch,1,4,Versal HBM,PCIe5,embed
4x4-ch DDR5+A100 80GB+Versal HBM@NVLink,CPU+GPU+CGRA,23200,801.9672004813057,5.390050506666666,16,A100 80GB,Xeon-4ch,1,4,Versal HBM,NVLink,embed
1x4-ch DDR5+A100 80GB+Versal Premium@PCIe4,CPU+GPU+CGRA,23800,1015.7091723101016,7.287973066666667,16,A100 80GB,Xeon-4ch,1,1,Versal Premium,PCIe4,embed
1x4-ch DDR5+A100 80GB+Versal Premium@PCIe5,CPU+GPU+CGRA,23800,1015.7091723101016,5.780645066666667,16,A100 80GB,Xeon-4ch,1,1,Versal Premium,PCIe5,embed
1x4-ch DDR5+A100 80GB+Versal Premium@NVLink,CPU+GPU+CGRA,23800,1015.7091723101016,4.380504835555556,16,A100 80GB,Xeon-4ch,1,1,Versal Premium,NVLink,embed
2x4-ch DDR5+A100 80GB+Versal Premium@PCIe4,CPU+GPU+CGRA,24600,1015.7091723101016,6.763685066666667,16,A100 80GB,Xeon-4ch,1,2,Versal Premium,PCIe4,embed
2x4-ch DDR5+A100 80GB+Versal Premium@PCIe5,CPU+GPU+CGRA,24600,1015.7091723101016,5.5185010666666665,16,A100 80GB,Xeon-4ch,1,2,Versal Premium,PCIe5,embed
2x4-ch DDR5+A100 80GB+Versal Premium@NVLink,CPU+GPU+CGRA,24600,1015.7091723101016,4.361863484444444,16,A100 80GB,Xeon-4ch,1,2,Versal Premium,NVLink,embed
4x4-ch DDR5+A100 80GB+Versal Premium@PCIe4,CPU+GPU+CGRA,26200,1015.7091723101016,5.8461810666666665,16,A100 80GB,Xeon-4ch,1,4,Versal Premium,PCIe4,embed
4x4-ch DDR5+A100 80GB+Versal Premium@PCIe5,CPU+GPU+CGRA,26200,1015.7091723101016,5.059749066666666,16,A100 80GB,Xeon-4ch,1,4,Versal Premium,PCIe5,embed
4x4-ch DDR5+A100 80GB+Versal Premium@NVLink,CPU+GPU+CGRA,26200,1015.7091723101016,4.32924112,16,A100 80GB,Xeon-4ch,1,4,Versal Premium,NVLink,embed
1x6-ch DDR5+RTX 4060+U280@PCIe4,CPU+GPU+CGRA,4500,552.7665317139002,10.918935999999999,16,RTX 4060,Xeon-6ch,1,1,U280,PCIe4,embed
1x6-ch DDR5+RTX 4060+U280@PCIe5,CPU+GPU+CGRA,4500,552.7665317139002,10.066968,16,RTX 4060,Xeon-6ch,1,1,U280,PCIe5,embed
1x6-ch DDR5+RTX 4060+U280@NVLink,CPU+GPU+CGRA,4500,552.7665317139002,9.27558439111111,16,RTX 4060,Xeon-6ch,1,1,U280,NVLink,embed
2x6-ch DDR5+RTX 4060+U280@PCIe4,CPU+GPU+CGRA,5700,689.9016396093372,9.052798222222222,16,RTX 4060,Xeon-6ch,1,2,U280,PCIe4,embed
2x6-ch DDR5+RTX 4060+U280@PCIe5,CPU+GPU+CGRA,5700,689.9016396093372,8.397438222222222,16,RTX 4060,Xeon-6ch,1,2,U280,PCIe5,embed
2x6-ch DDR5+RTX 4060+U280@NVLink,CPU+GPU+CGRA,5700,689.9016396093372,7.7886816,16,RTX 4060,Xeon-6ch,1,2,U280,NVLink,embed
1x6-ch DDR5+RTX 4060+Versal HBM@PCIe4,CPU+GPU+CGRA,6500,718.5964912280702,9.602152,16,RTX 4060,Xeon-6ch,1,1,Versal HBM,PCIe4,embed
1x6-ch DDR5+RTX 4060+Versal HBM@PCIe5,CPU+GPU+CGRA,6500,718.5964912280702,8.553576,16,RTX 4060,Xeon-6ch,1,1,Versal HBM,PCIe5,embed
1x6-ch DDR5+RTX 4060+Versal HBM@NVLink,CPU+GPU+CGRA,6500,718.5964912280702,7.579565404444445,16,RTX 4060,Xeon-6ch,1,1,Versal HBM,NVLink,embed
2x6-ch DDR5+RTX 4060+Versal HBM@PCIe4,CPU+GPU+CGRA,7700,801.9672004813057,8.0920888,16,RTX 4060,Xeon-6ch,1,2,Versal HBM,PCIe4,embed
2x6-ch DDR5+RTX 4060+Versal HBM@PCIe5,CPU+GPU+CGRA,7700,801.9672004813057,7.502264800000001,16,RTX 4060,Xeon-6ch,1,2,Versal HBM,PCIe5,embed
2x6-ch DDR5+RTX 4060+Versal HBM@NVLink,CPU+GPU+CGRA,7700,801.9672004813057,6.95438384,16,RTX 4060,Xeon-6ch,1,2,Versal HBM,NVLink,embed
1x6-ch DDR5+RTX 4060+Versal Premium@PCIe4,CPU+GPU+CGRA,9500,1015.7091723101016,8.3280184,16,RTX 4060,Xeon-6ch,1,1,Versal Premium,PCIe4,embed
1x6-ch DDR5+RTX 4060+Versal Premium@PCIe5,CPU+GPU+CGRA,9500,1015.7091723101016,7.082834399999999,16,RTX 4060,Xeon-6ch,1,1,Versal Premium,PCIe5,embed
1x6-ch DDR5+RTX 4060+Versal Premium@NVLink,CPU+GPU+CGRA,9500,1015.7091723101016,5.926196817777777,16,RTX 4060,Xeon-6ch,1,1,Versal Premium,NVLink,embed
2x6-ch DDR5+RTX 4060+Versal Premium@PCIe4,CPU+GPU+CGRA,10700,1015.7091723101016,7.4105144,16,RTX 4060,Xeon-6ch,1,2,Versal Premium,PCIe4,embed
2x6-ch DDR5+RTX 4060+Versal Premium@PCIe5,CPU+GPU+CGRA,10700,1015.7091723101016,6.624082399999999,16,RTX 4060,Xeon-6ch,1,2,Versal Premium,PCIe5,embed
2x6-ch DDR5+RTX 4060+Versal Premium@NVLink,CPU+GPU+CGRA,10700,1015.7091723101016,5.893574453333333,16,RTX 4060,Xeon-6ch,1,2,Versal Premium,NVLink,embed
1x6-ch DDR5+RTX PRO 4500+U280@PCIe4,CPU+GPU+CGRA,4900,552.7665317139002,10.063935999999998,16,RTX PRO 4500,Xeon-6ch,1,1,U280,PCIe4,embed
1x6-ch DDR5+RTX PRO 4500+U280@PCIe5,CPU+GPU+CGRA,4900,552.7665317139002,9.211967999999999,16,RTX PRO 4500,Xeon-6ch,1,1,U280,PCIe5,embed
1x6-ch DDR5+RTX PRO 4500+U280@NVLink,CPU+GPU+CGRA,4900,552.7665317139002,8.42058439111111,16,RTX PRO 4500,Xeon-6ch,1,1,U280,NVLink,embed
2x6-ch DDR5+RTX PRO 4500+U280@PCIe4,CPU+GPU+CGRA,6100,689.9016396093372,8.197798222222222,16,RTX PRO 4500,Xeon-6ch,1,2,U280,PCIe4,embed
2x6-ch DDR5+RTX PRO 4500+U280@PCIe5,CPU+GPU+CGRA,6100,689.9016396093372,7.542438222222223,16,RTX PRO 4500,Xeon-6ch,1,2,U280,PCIe5,embed
2x6-ch DDR5+RTX PRO 4500+U280@NVLink,CPU+GPU+CGRA,6100,689.9016396093372,6.933681600000001,16,RTX PRO 4500,Xeon-6ch,1,2,U280,NVLink,embed
1x6-ch DDR5+RTX PRO 4500+Versal HBM@PCIe4,CPU+GPU+CGRA,6900,718.5964912280702,8.747152,16,RTX PRO 4500,Xeon-6ch,1,1,Versal HBM,PCIe4,embed
1x6-ch DDR5+RTX PRO 4500+Versal HBM@PCIe5,CPU+GPU+CGRA,6900,718.5964912280702,7.698576,16,RTX PRO 4500,Xeon-6ch,1,1,Versal HBM,PCIe5,embed
1x6-ch DDR5+RTX PRO 4500+Versal HBM@NVLink,CPU+GPU+CGRA,6900,718.5964912280702,6.724565404444444,16,RTX PRO 4500,Xeon-6ch,1,1,Versal HBM,NVLink,embed
2x6-ch DDR5+RTX PRO 4500+Versal HBM@PCIe4,CPU+GPU+CGRA,8100,801.9672004813057,7.2370888,16,RTX PRO 4500,Xeon-6ch,1,2,Versal HBM,PCIe4,embed
2x6-ch DDR5+RTX PRO 4500+Versal HBM@PCIe5,CPU+GPU+CGRA,8100,801.9672004813057,6.6472648,16,RTX PRO 4500,Xeon-6ch,1,2,Versal HBM,PCIe5,embed
2x6-ch DDR5+RTX PRO 4500+Versal HBM@NVLink,CPU+GPU+CGRA,8100,801.9672004813057,6.09938384,16,RTX PRO 4500,Xeon-6ch,1,2,Versal HBM,NVLink,embed
1x6-ch DDR5+RTX PRO 4500+Versal Premium@PCIe4,CPU+GPU+CGRA,9900,1015.7091723101016,7.4730184,16,RTX PRO 4500,Xeon-6ch,1,1,Versal Premium,PCIe4,embed
1x6-ch DDR5+RTX PRO 4500+Versal Premium@PCIe5,CPU+GPU+CGRA,9900,1015.7091723101016,6.2278344,16,RTX PRO 4500,Xeon-6ch,1,1,Versal Premium,PCIe5,embed
1x6-ch DDR5+RTX PRO 4500+Versal Premium@NVLink,CPU+GPU+CGRA,9900,1015.7091723101016,5.0711968177777775,16,RTX PRO 4500,Xeon-6ch,1,1,Versal Premium,NVLink,embed
2x6-ch DDR5+RTX PRO 4500+Versal Premium@PCIe4,CPU+GPU+CGRA,11100,1015.7091723101016,6.5555144,16,RTX PRO 4500,Xeon-6ch,1,2,Versal Premium,PCIe4,embed
2x6-ch DDR5+RTX PRO 4500+Versal Premium@PCIe5,CPU+GPU+CGRA,11100,1015.7091723101016,5.769082399999999,16,RTX PRO 4500,Xeon-6ch,1,2,Versal Premium,PCIe5,embed
2x6-ch DDR5+RTX PRO 4500+Versal Premium@NVLink,CPU+GPU+CGRA,11100,1015.7091723101016,5.038574453333333,16,RTX PRO 4500,Xeon-6ch,1,2,Versal Premium,NVLink,embed
1x6-ch DDR5+RTX 4090+U280@PCIe4,CPU+GPU+CGRA,6000,552.7665317139002,9.554179902439023,16,RTX 4090,Xeon-6ch,1,1,U280,PCIe4,embed
1x6-ch DDR5+RTX 4090+U280@PCIe5,CPU+GPU+CGRA,6000,552.7665317139002,8.702211902439023,16,RTX 4090,Xeon-6ch,1,1,U280,PCIe5,embed
1x6-ch DDR5+RTX 4090+U280@NVLink,CPU+GPU+CGRA,6000,552.7665317139002,7.910828293550135,16,RTX 4090,Xeon-6ch,1,1,U280,NVLink,embed
2x6-ch DDR5+RTX 4090+U280@PCIe4,CPU+GPU+CGRA,7200,689.9016396093372,7.688042124661247,16,RTX 4090,Xeon-6ch,1,2,U280,PCIe4,embed
2x6-ch DDR5+RTX 4090+U280@PCIe5,CPU+GPU+CGRA,7200,689.9016396093372,7.032682124661247,16,RTX 4090,Xeon-6ch,1,2,U280,PCIe5,embed
2x6-ch DDR5+RTX 4090+U280@NVLink,CPU+GPU+CGRA,7200,689.9016396093372,6.423925502439025,16,RTX 4090,Xeon-6ch,1,2,U280,NVLink,embed
1x6-ch DDR5+RTX 4090+Versal HBM@PCIe4,CPU+GPU+CGRA,8000,718.5964912280702,8.237395902439024,16,RTX 4090,Xeon-6ch,1,1,Versal HBM,PCIe4,embed
1x6-ch DDR5+RTX 4090+Versal HBM@PCIe5,CPU+GPU+CGRA,8000,718.5964912280702,7.1888199024390245,16,RTX 4090,Xeon-6ch,1,1,Versal HBM,PCIe5,embed
1x6-ch DDR5+RTX 4090+Versal HBM@NVLink,CPU+GPU+CGRA,8000,718.5964912280702,6.214809306883469,16,RTX 4090,Xeon-6ch,1,1,Versal HBM,NVLink,embed
2x6-ch DDR5+RTX 4090+Versal HBM@PCIe4,CPU+GPU+CGRA,9200,801.9672004813057,6.727332702439025,16,RTX 4090,Xeon-6ch,1,2,Versal HBM,PCIe4,embed
2x6-ch DDR5+RTX 4090+Versal HBM@PCIe5,CPU+GPU+CGRA,9200,801.9672004813057,6.137508702439025,16,RTX 4090,Xeon-6ch,1,2,Versal HBM,PCIe5,embed
2x6-ch DDR5+RTX 4090+Versal HBM@NVLink,CPU+GPU+CGRA,9200,801.9672004813057,5.589627742439024,16,RTX 4090,Xeon-6ch,1,2,Versal HBM,NVLink,embed
1x6-ch DDR5+RTX 4090+Versal Premium@PCIe4,CPU+GPU+CGRA,11000,1015.7091723101016,6.963262302439024,16,RTX 4090,Xeon-6ch,1,1,Versal Premium,PCIe4,embed
1x6-ch DDR5+RTX 4090+Versal Premium@PCIe5,CPU+GPU+CGRA,11000,1015.7091723101016,5.718078302439024,16,RTX 4090,Xeon-6ch,1,1,Versal Premium,PCIe5,embed
1x6-ch DDR5+RTX 4090+Versal Premium@NVLink,CPU+GPU+CGRA,11000,1015.7091723101016,4.561440720216802,16,RTX 4090,Xeon-6ch,1,1,Versal Premium,NVLink,embed
2x6-ch DDR5+RTX 4090+Versal Premium@PCIe4,CPU+GPU+CGRA,12200,1015.7091723101016,6.045758302439024,16,RTX 4090,Xeon-6ch,1,2,Versal Premium,PCIe4,embed
2x6-ch DDR5+RTX 4090+Versal Premium@PCIe5,CPU+GPU+CGRA,12200,1015.7091723101016,5.259326302439024,16,RTX 4090,Xeon-6ch,1,2,Versal Premium,PCIe5,embed
2x6-ch DDR5+RTX 4090+Versal Premium@NVLink,CPU+GPU+CGRA,12200,1015.7091723101016,4.528818355772358,16,RTX 4090,Xeon-6ch,1,2,Versal Premium,NVLink,embed
1x6-ch DDR5+RTX 5090+U280@PCIe4,CPU+GPU+CGRA,6700,552.7665317139002,9.457745523809523,16,RTX 5090,Xeon-6ch,1,1,U280,PCIe4,embed
1x6-ch DDR5+RTX 5090+U280@PCIe5,CPU+GPU+CGRA,6700,552.7665317139002,8.605777523809524,16,RTX 5090,Xeon-6ch,1,1,U280,PCIe5,embed
1x6-ch DDR5+RTX 5090+U280@NVLink,CPU+GPU+CGRA,6700,552.7665317139002,7.814393914920634,16,RTX 5090,Xeon-6ch,1,1,U280,NVLink,embed
2x6-ch DDR5+RTX 5090+U280@PCIe4,CPU+GPU+CGRA,7900,689.9016396093372,7.591607746031746,16,RTX 5090,Xeon-6ch,1,2,U280,PCIe4,embed
2x6-ch DDR5+RTX 5090+U280@PCIe5,CPU+GPU+CGRA,7900,689.9016396093372,6.936247746031746,16,RTX 5090,Xeon-6ch,1,2,U280,PCIe5,embed
2x6-ch DDR5+RTX 5090+U280@NVLink,CPU+GPU+CGRA,7900,689.9016396093372,6.327491123809525,16,RTX 5090,Xeon-6ch,1,2,U280,NVLink,embed
1x6-ch DDR5+RTX 5090+Versal HBM@PCIe4,CPU+GPU+CGRA,8700,718.5964912280702,8.140961523809523,16,RTX 5090,Xeon-6ch,1,1,Versal HBM,PCIe4,embed
1x6-ch DDR5+RTX 5090+Versal HBM@PCIe5,CPU+GPU+CGRA,8700,718.5964912280702,7.092385523809524,16,RTX 5090,Xeon-6ch,1,1,Versal HBM,PCIe5,embed
1x6-ch DDR5+RTX 5090+Versal HBM@NVLink,CPU+GPU+CGRA,8700,718.5964912280702,6.118374928253968,16,RTX 5090,Xeon-6ch,1,1,Versal HBM,NVLink,embed
2x6-ch DDR5+RTX 5090+Versal HBM@PCIe4,CPU+GPU+CGRA,9900,801.9672004813057,6.630898323809524,16,RTX 5090,Xeon-6ch,1,2,Versal HBM,PCIe4,embed
2x6-ch DDR5+RTX 5090+Versal HBM@PCIe5,CPU+GPU+CGRA,9900,801.9672004813057,6.041074323809524,16,RTX 5090,Xeon-6ch,1,2,Versal HBM,PCIe5,embed
2x6-ch DDR5+RTX 5090+Versal HBM@NVLink,CPU+GPU+CGRA,9900,801.9672004813057,5.493193363809524,16,RTX 5090,Xeon-6ch,1,2,Versal HBM,NVLink,embed
1x6-ch DDR5+RTX 5090+Versal Premium@PCIe4,CPU+GPU+CGRA,11700,1015.7091723101016,6.866827923809524,16,RTX 5090,Xeon-6ch,1,1,Versal Premium,PCIe4,embed
1x6-ch DDR5+RTX 5090+Versal Premium@PCIe5,CPU+GPU+CGRA,11700,1015.7091723101016,5.621643923809524,16,RTX 5090,Xeon-6ch,1,1,Versal Premium,PCIe5,embed
1x6-ch DDR5+RTX 5090+Versal Premium@NVLink,CPU+GPU+CGRA,11700,1015.7091723101016,4.465006341587301,16,RTX 5090,Xeon-6ch,1,1,Versal Premium,NVLink,embed
2x6-ch DDR5+RTX 5090+Versal Premium@PCIe4,CPU+GPU+CGRA,12900,1015.7091723101016,5.949323923809524,16,RTX 5090,Xeon-6ch,1,2,Versal Premium,PCIe4,embed
2x6-ch DDR5+RTX 5090+Versal Premium@PCIe5,CPU+GPU+CGRA,12900,1015.7091723101016,5.162891923809523,16,RTX 5090,Xeon-6ch,1,2,Versal Premium,PCIe5,embed
2x6-ch DDR5+RTX 5090+Versal Premium@NVLink,CPU+GPU+CGRA,12900,1015.7091723101016,4.432383977142857,16,RTX 5090,Xeon-6ch,1,2,Versal Premium,NVLink,embed
1x6-ch DDR5+A100 40GB+U280@PCIe4,CPU+GPU+CGRA,14200,552.7665317139002,9.354602666666665,16,A100 40GB,Xeon-6ch,1,1,U280,PCIe4,embed
1x6-ch DDR5+A100 40GB+U280@PCIe5,CPU+GPU+CGRA,14200,552.7665317139002,8.502634666666665,16,A100 40GB,Xeon-6ch,1,1,U280,PCIe5,embed
1x6-ch DDR5+A100 40GB+U280@NVLink,CPU+GPU+CGRA,14200,552.7665317139002,7.711251057777777,16,A100 40GB,Xeon-6ch,1,1,U280,NVLink,embed
2x6-ch DDR5+A100 40GB+U280@PCIe4,CPU+GPU+CGRA,15400,689.9016396093372,7.488464888888889,16,A100 40GB,Xeon-6ch,1,2,U280,PCIe4,embed
2x6-ch DDR5+A100 40GB+U280@PCIe5,CPU+GPU+CGRA,15400,689.9016396093372,6.833104888888889,16,A100 40GB,Xeon-6ch,1,2,U280,PCIe5,embed
2x6-ch DDR5+A100 40GB+U280@NVLink,CPU+GPU+CGRA,15400,689.9016396093372,6.224348266666667,16,A100 40GB,Xeon-6ch,1,2,U280,NVLink,embed
1x6-ch DDR5+A100 40GB+Versal HBM@PCIe4,CPU+GPU+CGRA,16200,718.5964912280702,8.037818666666666,16,A100 40GB,Xeon-6ch,1,1,Versal HBM,PCIe4,embed
1x6-ch DDR5+A100 40GB+Versal HBM@PCIe5,CPU+GPU+CGRA,16200,718.5964912280702,6.989242666666667,16,A100 40GB,Xeon-6ch,1,1,Versal HBM,PCIe5,embed
1x6-ch DDR5+A100 40GB+Versal HBM@NVLink,CPU+GPU+CGRA,16200,718.5964912280702,6.015232071111111,16,A100 40GB,Xeon-6ch,1,1,Versal HBM,NVLink,embed
2x6-ch DDR5+A100 40GB+Versal HBM@PCIe4,CPU+GPU+CGRA,17400,801.9672004813057,6.527755466666667,16,A100 40GB,Xeon-6ch,1,2,Versal HBM,PCIe4,embed
2x6-ch DDR5+A100 40GB+Versal HBM@PCIe5,CPU+GPU+CGRA,17400,801.9672004813057,5.937931466666667,16,A100 40GB,Xeon-6ch,1,2,Versal HBM,PCIe5,embed
2x6-ch DDR5+A100 40GB+Versal HBM@NVLink,CPU+GPU+CGRA,17400,801.9672004813057,5.390050506666666,16,A100 40GB,Xeon-6ch,1,2,Versal HBM,NVLink,embed
1x6-ch DDR5+A100 40GB+Versal Premium@PCIe4,CPU+GPU+CGRA,19200,1015.7091723101016,6.763685066666667,16,A100 40GB,Xeon-6ch,1,1,Versal Premium,PCIe4,embed
1x6-ch DDR5+A100 40GB+Versal Premium@PCIe5,CPU+GPU+CGRA,19200,1015.7091723101016,5.5185010666666665,16,A100 40GB,Xeon-6ch,1,1,Versal Premium,PCIe5,embed
1x6-ch DDR5+A100 40GB+Versal Premium@NVLink,CPU+GPU+CGRA,19200,1015.7091723101016,4.361863484444444,16,A100 40GB,Xeon-6ch,1,1,Versal Premium,NVLink,embed
2x6-ch DDR5+A100 40GB+Versal Premium@PCIe4,CPU+GPU+CGRA,20400,1015.7091723101016,5.8461810666666665,16,A100 40GB,Xeon-6ch,1,2,Versal Premium,PCIe4,embed
2x6-ch DDR5+A100 40GB+Versal Premium@PCIe5,CPU+GPU+CGRA,20400,1015.7091723101016,5.059749066666666,16,A100 40GB,Xeon-6ch,1,2,Versal Premium,PCIe5,embed
2x6-ch DDR5+A100 40GB+Versal Premium@NVLink,CPU+GPU+CGRA,20400,1015.7091723101016,4.32924112,16,A100 40GB,Xeon-6ch,1,2,Versal Premium,NVLink,embed
1x6-ch DDR5+A100 80GB+U280@PCIe4,CPU+GPU+CGRA,19200,552.7665317139002,9.354602666666665,16,A100 80GB,Xeon-6ch,1,1,U280,PCIe4,embed
1x6-ch DDR5+A100 80GB+U280@PCIe5,CPU+GPU+CGRA,19200,552.7665317139002,8.502634666666665,16,A100 80GB,Xeon-6ch,1,1,U280,PCIe5,embed
1x6-ch DDR5+A100 80GB+U280@NVLink,CPU+GPU+CGRA,19200,552.7665317139002,7.711251057777777,16,A100 80GB,Xeon-6ch,1,1,U280,NVLink,embed
2x6-ch DDR5+A100 80GB+U280@PCIe4,CPU+GPU+CGRA,20400,689.9016396093372,7.488464888888889,16,A100 80GB,Xeon-6ch,1,2,U280,PCIe4,embed
2x6-ch DDR5+A100 80GB+U280@PCIe5,CPU+GPU+CGRA,20400,689.9016396093372,6.833104888888889,16,A100 80GB,Xeon-6ch,1,2,U280,PCIe5,embed
2x6-ch DDR5+A100 80GB+U280@NVLink,CPU+GPU+CGRA,20400,689.9016396093372,6.224348266666667,16,A100 80GB,Xeon-6ch,1,2,U280,NVLink,embed
1x6-ch DDR5+A100 80GB+Versal HBM@PCIe4,CPU+GPU+CGRA,21200,718.5964912280702,8.037818666666666,16,A100 80GB,Xeon-6ch,1,1,Versal HBM,PCIe4,embed
1x6-ch DDR5+A100 80GB+Versal HBM@PCIe5,CPU+GPU+CGRA,21200,718.5964912280702,6.989242666666667,16,A100 80GB,Xeon-6ch,1,1,Versal HBM,PCIe5,embed
1x6-ch DDR5+A100 80GB+Versal HBM@NVLink,CPU+GPU+CGRA,21200,718.5964912280702,6.015232071111111,16,A100 80GB,Xeon-6ch,1,1,Versal HBM,NVLink,embed
2x6-ch DDR5+A100 80GB+Versal HBM@PCIe4,CPU+GPU+CGRA,22400,801.9672004813057,6.527755466666667,16,A100 80GB,Xeon-6ch,1,2,Versal HBM,PCIe4,embed
2x6-ch DDR5+A100 80GB+Versal HBM@PCIe5,CPU+GPU+CGRA,22400,801.9672004813057,5.937931466666667,16,A100 80GB,Xeon-6ch,1,2,Versal HBM,PCIe5,embed
2x6-ch DDR5+A100 80GB+Versal HBM@NVLink,CPU+GPU+CGRA,22400,801.9672004813057,5.390050506666666,16,A100 80GB,Xeon-6ch,1,2,Versal HBM,NVLink,embed
1x6-ch DDR5+A100 80GB+Versal Premium@PCIe4,CPU+GPU+CGRA,24200,1015.7091723101016,6.763685066666667,16,A100 80GB,Xeon-6ch,1,1,Versal Premium,PCIe4,embed
1x6-ch DDR5+A100 80GB+Versal Premium@PCIe5,CPU+GPU+CGRA,24200,1015.7091723101016,5.5185010666666665,16,A100 80GB,Xeon-6ch,1,1,Versal Premium,PCIe5,embed
1x6-ch DDR5+A100 80GB+Versal Premium@NVLink,CPU+GPU+CGRA,24200,1015.7091723101016,4.361863484444444,16,A100 80GB,Xeon-6ch,1,1,Versal Premium,NVLink,embed
2x6-ch DDR5+A100 80GB+Versal Premium@PCIe4,CPU+GPU+CGRA,25400,1015.7091723101016,5.8461810666666665,16,A100 80GB,Xeon-6ch,1,2,Versal Premium,PCIe4,embed
2x6-ch DDR5+A100 80GB+Versal Premium@PCIe5,CPU+GPU+CGRA,25400,1015.7091723101016,5.059749066666666,16,A100 80GB,Xeon-6ch,1,2,Versal Premium,PCIe5,embed
2x6-ch DDR5+A100 80GB+Versal Premium@NVLink,CPU+GPU+CGRA,25400,1015.7091723101016,4.32924112,16,A100 80GB,Xeon-6ch,1,2,Versal Premium,NVLink,embed
1x8-ch DDR5+RTX 4060+U280@PCIe4,CPU+GPU+CGRA,6300,689.9016396093372,9.183870222222222,16,RTX 4060,Xeon-8ch,1,1,U280,PCIe4,embed
1x8-ch DDR5+RTX 4060+U280@PCIe5,CPU+GPU+CGRA,6300,689.9016396093372,8.462974222222222,16,RTX 4060,Xeon-8ch,1,1,U280,PCIe5,embed
1x8-ch DDR5+RTX 4060+U280@NVLink,CPU+GPU+CGRA,6300,689.9016396093372,7.793341937777779,16,RTX 4060,Xeon-8ch,1,1,U280,NVLink,embed
1x8-ch DDR5+RTX 4060+Versal HBM@PCIe4,CPU+GPU+CGRA,8300,801.9672004813057,8.6163768,16,RTX 4060,Xeon-8ch,1,1,Versal HBM,PCIe4,embed
1x8-ch DDR5+RTX 4060+Versal HBM@PCIe5,CPU+GPU+CGRA,8300,801.9672004813057,7.7644088,16,RTX 4060,Xeon-8ch,1,1,Versal HBM,PCIe5,embed
1x8-ch DDR5+RTX 4060+Versal HBM@NVLink,CPU+GPU+CGRA,8300,801.9672004813057,6.973025191111111,16,RTX 4060,Xeon-8ch,1,1,Versal HBM,NVLink,embed
1x8-ch DDR5+RTX 4060+Versal Premium@PCIe4,CPU+GPU+CGRA,11300,1015.7091723101016,7.934802400000001,16,RTX 4060,Xeon-8ch,1,1,Versal Premium,PCIe4,embed
1x8-ch DDR5+RTX 4060+Versal Premium@PCIe5,CPU+GPU+CGRA,11300,1015.7091723101016,6.8862264,16,RTX 4060,Xeon-8ch,1,1,Versal Premium,PCIe5,embed
1x8-ch DDR5+RTX 4060+Versal Premium@NVLink,CPU+GPU+CGRA,11300,1015.7091723101016,5.912215804444445,16,RTX 4060,Xeon-8ch,1,1,Versal Premium,NVLink,embed
2x8-ch DDR5+RTX 4060+Versal Premium@PCIe4,CPU+GPU+CGRA,14300,1015.7091723101016,7.213906399999999,16,RTX 4060,Xeon-8ch,1,2,Versal Premium,PCIe4,embed
2x8-ch DDR5+RTX 4060+Versal Premium@PCIe5,CPU+GPU+CGRA,14300,1015.7091723101016,6.5257784,16,RTX 4060,Xeon-8ch,1,2,Versal Premium,PCIe5,embed
2x8-ch DDR5+RTX 4060+Versal Premium@NVLink,CPU+GPU+CGRA,14300,1015.7091723101016,5.886583946666667,16,RTX 4060,Xeon-8ch,1,2,Versal Premium,NVLink,embed
1x8-ch DDR5+RTX PRO 4500+U280@PCIe4,CPU+GPU+CGRA,6700,689.9016396093372,8.328870222222221,16,RTX PRO 4500,Xeon-8ch,1,1,U280,PCIe4,embed
1x8-ch DDR5+RTX PRO 4500+U280@PCIe5,CPU+GPU+CGRA,6700,689.9016396093372,7.607974222222222,16,RTX PRO 4500,Xeon-8ch,1,1,U280,PCIe5,embed
1x8-ch DDR5+RTX PRO 4500+U280@NVLink,CPU+GPU+CGRA,6700,689.9016396093372,6.938341937777778,16,RTX PRO 4500,Xeon-8ch,1,1,U280,NVLink,embed
1x8-ch DDR5+RTX PRO 4500+Versal HBM@PCIe4,CPU+GPU+CGRA,8700,801.9672004813057,7.7613768,16,RTX PRO 4500,Xeon-8ch,1,1,Versal HBM,PCIe4,embed
1x8-ch DDR5+RTX PRO 4500+Versal HBM@PCIe5,CPU+GPU+CGRA,8700,801.9672004813057,6.9094088000000005,16,RTX PRO 4500,Xeon-8ch,1,1,Versal HBM,PCIe5,embed
1x8-ch DDR5+RTX PRO 4500+Versal HBM@NVLink,CPU+GPU+CGRA,8700,801.9672004813057,6.118025191111111,16,RTX PRO 4500,Xeon-8ch,1,1,Versal HBM,NVLink,embed
1x8-ch DDR5+RTX PRO 4500+Versal Premium@PCIe4,CPU+GPU+CGRA,11700,1015.7091723101016,7.0798024,16,RTX PRO 4500,Xeon-8ch,1,1,Versal Premium,PCIe4,embed
1x8-ch DDR5+RTX PRO 4500+Versal Premium@PCIe5,CPU+GPU+CGRA,11700,1015.7091723101016,6.0312264,16,RTX PRO 4500,Xeon-8ch,1,1,Versal Premium,PCIe5,embed
1x8-ch DDR5+RTX PRO 4500+Versal Premium@NVLink,CPU+GPU+CGRA,11700,1015.7091723101016,5.057215804444445,16,RTX PRO 4500,Xeon-8ch,1,1,Versal Premium,NVLink,embed
2x8-ch DDR5+RTX PRO 4500+Versal Premium@PCIe4,CPU+GPU+CGRA,14700,1015.7091723101016,6.3589063999999995,16,RTX PRO 4500,Xeon-8ch,1,2,Versal Premium,PCIe4,embed
2x8-ch DDR5+RTX PRO 4500+Versal Premium@PCIe5,CPU+GPU+CGRA,14700,1015.7091723101016,5.6707784,16,RTX PRO 4500,Xeon-8ch,1,2,Versal Premium,PCIe5,embed
2x8-ch DDR5+RTX PRO 4500+Versal Premium@NVLink,CPU+GPU+CGRA,14700,1015.7091723101016,5.031583946666666,16,RTX PRO 4500,Xeon-8ch,1,2,Versal Premium,NVLink,embed
1x8-ch DDR5+RTX 4090+U280@PCIe4,CPU+GPU+CGRA,7800,689.9016396093372,7.819114124661247,16,RTX 4090,Xeon-8ch,1,1,U280,PCIe4,embed
1x8-ch DDR5+RTX 4090+U280@PCIe5,CPU+GPU+CGRA,7800,689.9016396093372,7.098218124661247,16,RTX 4090,Xeon-8ch,1,1,U280,PCIe5,embed
1x8-ch DDR5+RTX 4090+U280@NVLink,CPU+GPU+CGRA,7800,689.9016396093372,6.428585840216803,16,RTX 4090,Xeon-8ch,1,1,U280,NVLink,embed
1x8-ch DDR5+RTX 4090+Versal HBM@PCIe4,CPU+GPU+CGRA,9800,801.9672004813057,7.251620702439024,16,RTX 4090,Xeon-8ch,1,1,Versal HBM,PCIe4,embed
1x8-ch DDR5+RTX 4090+Versal HBM@PCIe5,CPU+GPU+CGRA,9800,801.9672004813057,6.399652702439025,16,RTX 4090,Xeon-8ch,1,1,Versal HBM,PCIe5,embed
1x8-ch DDR5+RTX 4090+Versal HBM@NVLink,CPU+GPU+CGRA,9800,801.9672004813057,5.608269093550136,16,RTX 4090,Xeon-8ch,1,1,Versal HBM,NVLink,embed
1x8-ch DDR5+RTX 4090+Versal Premium@PCIe4,CPU+GPU+CGRA,12800,1015.7091723101016,6.5700463024390245,16,RTX 4090,Xeon-8ch,1,1,Versal Premium,PCIe4,embed
1x8-ch DDR5+RTX 4090+Versal Premium@PCIe5,CPU+GPU+CGRA,12800,1015.7091723101016,5.521470302439025,16,RTX 4090,Xeon-8ch,1,1,Versal Premium,PCIe5,embed
1x8-ch DDR5+RTX 4090+Versal Premium@NVLink,CPU+GPU+CGRA,12800,1015.7091723101016,4.547459706883469,16,RTX 4090,Xeon-8ch,1,1,Versal Premium,NVLink,embed
2x8-ch DDR5+RTX 4090+Versal Premium@PCIe4,CPU+GPU+CGRA,15800,1015.7091723101016,5.849150302439024,16,RTX 4090,Xeon-8ch,1,2,Versal Premium,PCIe4,embed
2x8-ch DDR5+RTX 4090+Versal Premium@PCIe5,CPU+GPU+CGRA,15800,1015.7091723101016,5.161022302439024,16,RTX 4090,Xeon-8ch,1,2,Versal Premium,PCIe5,embed
2x8-ch DDR5+RTX 4090+Versal Premium@NVLink,CPU+GPU+CGRA,15800,1015.7091723101016,4.521827849105691,16,RTX 4090,Xeon-8ch,1,2,Versal Premium,NVLink,embed
1x8-ch DDR5+RTX 5090+U280@PCIe4,CPU+GPU+CGRA,8500,689.9016396093372,7.722679746031746,16,RTX 5090,Xeon-8ch,1,1,U280,PCIe4,embed
1x8-ch DDR5+RTX 5090+U280@PCIe5,CPU+GPU+CGRA,8500,689.9016396093372,7.001783746031746,16,RTX 5090,Xeon-8ch,1,1,U280,PCIe5,embed
1x8-ch DDR5+RTX 5090+U280@NVLink,CPU+GPU+CGRA,8500,689.9016396093372,6.332151461587302,16,RTX 5090,Xeon-8ch,1,1,U280,NVLink,embed
1x8-ch DDR5+RTX 5090+Versal HBM@PCIe4,CPU+GPU+CGRA,10500,801.9672004813057,7.155186323809524,16,RTX 5090,Xeon-8ch,1,1,Versal HBM,PCIe4,embed
1x8-ch DDR5+RTX 5090+Versal HBM@PCIe5,CPU+GPU+CGRA,10500,801.9672004813057,6.303218323809524,16,RTX 5090,Xeon-8ch,1,1,Versal HBM,PCIe5,embed
1x8-ch DDR5+RTX 5090+Versal HBM@NVLink,CPU+GPU+CGRA,10500,801.9672004813057,5.511834714920635,16,RTX 5090,Xeon-8ch,1,1,Versal HBM,NVLink,embed
1x8-ch DDR5+RTX 5090+Versal Premium@PCIe4,CPU+GPU+CGRA,13500,1015.7091723101016,6.473611923809524,16,RTX 5090,Xeon-8ch,1,1,Versal Premium,PCIe4,embed
1x8-ch DDR5+RTX 5090+Versal Premium@PCIe5,CPU+GPU+CGRA,13500,1015.7091723101016,5.425035923809524,16,RTX 5090,Xeon-8ch,1,1,Versal Premium,PCIe5,embed
1x8-ch DDR5+RTX 5090+Versal Premium@NVLink,CPU+GPU+CGRA,13500,1015.7091723101016,4.4510253282539685,16,RTX 5090,Xeon-8ch,1,1,Versal Premium,NVLink,embed
2x8-ch DDR5+RTX 5090+Versal Premium@PCIe4,CPU+GPU+CGRA,16500,1015.7091723101016,5.752715923809523,16,RTX 5090,Xeon-8ch,1,2,Versal Premium,PCIe4,embed
2x8-ch DDR5+RTX 5090+Versal Premium@PCIe5,CPU+GPU+CGRA,16500,1015.7091723101016,5.0645879238095235,16,RTX 5090,Xeon-8ch,1,2,Versal Premium,PCIe5,embed
2x8-ch DDR5+RTX 5090+Versal Premium@NVLink,CPU+GPU+CGRA,16500,1015.7091723101016,4.42539347047619,16,RTX 5090,Xeon-8ch,1,2,Versal Premium,NVLink,embed
1x8-ch DDR5+A100 40GB+U280@PCIe4,CPU+GPU+CGRA,16000,689.9016396093372,7.619536888888889,16,A100 40GB,Xeon-8ch,1,1,U280,PCIe4,embed
1x8-ch DDR5+A100 40GB+U280@PCIe5,CPU+GPU+CGRA,16000,689.9016396093372,6.898640888888889,16,A100 40GB,Xeon-8ch,1,1,U280,PCIe5,embed
1x8-ch DDR5+A100 40GB+U280@NVLink,CPU+GPU+CGRA,16000,689.9016396093372,6.229008604444445,16,A100 40GB,Xeon-8ch,1,1,U280,NVLink,embed
1x8-ch DDR5+A100 40GB+Versal HBM@PCIe4,CPU+GPU+CGRA,18000,801.9672004813057,7.0520434666666665,16,A100 40GB,Xeon-8ch,1,1,Versal HBM,PCIe4,embed
1x8-ch DDR5+A100 40GB+Versal HBM@PCIe5,CPU+GPU+CGRA,18000,801.9672004813057,6.200075466666667,16,A100 40GB,Xeon-8ch,1,1,Versal HBM,PCIe5,embed
1x8-ch DDR5+A100 40GB+Versal HBM@NVLink,CPU+GPU+CGRA,18000,801.9672004813057,5.408691857777778,16,A100 40GB,Xeon-8ch,1,1,Versal HBM,NVLink,embed
1x8-ch DDR5+A100 40GB+Versal Premium@PCIe4,CPU+GPU+CGRA,21000,1015.7091723101016,6.370469066666667,16,A100 40GB,Xeon-8ch,1,1,Versal Premium,PCIe4,embed
1x8-ch DDR5+A100 40GB+Versal Premium@PCIe5,CPU+GPU+CGRA,21000,1015.7091723101016,5.321893066666667,16,A100 40GB,Xeon-8ch,1,1,Versal Premium,PCIe5,embed
1x8-ch DDR5+A100 40GB+Versal Premium@NVLink,CPU+GPU+CGRA,21000,1015.7091723101016,4.347882471111111,16,A100 40GB,Xeon-8ch,1,1,Versal Premium,NVLink,embed
2x8-ch DDR5+A100 40GB+Versal Premium@PCIe4,CPU+GPU+CGRA,24000,1015.7091723101016,5.649573066666666,16,A100 40GB,Xeon-8ch,1,2,Versal Premium,PCIe4,embed
2x8-ch DDR5+A100 40GB+Versal Premium@PCIe5,CPU+GPU+CGRA,24000,1015.7091723101016,4.961445066666666,16,A100 40GB,Xeon-8ch,1,2,Versal Premium,PCIe5,embed
2x8-ch DDR5+A100 40GB+Versal Premium@NVLink,CPU+GPU+CGRA,24000,1015.7091723101016,4.322250613333333,16,A100 40GB,Xeon-8ch,1,2,Versal Premium,NVLink,embed
1x8-ch DDR5+A100 80GB+U280@PCIe4,CPU+GPU+CGRA,21000,689.9016396093372,7.619536888888889,16,A100 80GB,Xeon-8ch,1,1,U280,PCIe4,embed
1x8-ch DDR5+A100 80GB+U280@PCIe5,CPU+GPU+CGRA,21000,689.9016396093372,6.898640888888889,16,A100 80GB,Xeon-8ch,1,1,U280,PCIe5,embed
1x8-ch DDR5+A100 80GB+U280@NVLink,CPU+GPU+CGRA,21000,689.9016396093372,6.229008604444445,16,A100 80GB,Xeon-8ch,1,1,U280,NVLink,embed
1x8-ch DDR5+A100 80GB+Versal HBM@PCIe4,CPU+GPU+CGRA,23000,801.9672004813057,7.0520434666666665,16,A100 80GB,Xeon-8ch,1,1,Versal HBM,PCIe4,embed
1x8-ch DDR5+A100 80GB+Versal HBM@PCIe5,CPU+GPU+CGRA,23000,801.9672004813057,6.200075466666667,16,A100 80GB,Xeon-8ch,1,1,Versal HBM,PCIe5,embed
1x8-ch DDR5+A100 80GB+Versal HBM@NVLink,CPU+GPU+CGRA,23000,801.9672004813057,5.408691857777778,16,A100 80GB,Xeon-8ch,1,1,Versal HBM,NVLink,embed
1x8-ch DDR5+A100 80GB+Versal Premium@PCIe4,CPU+GPU+CGRA,26000,1015.7091723101016,6.370469066666667,16,A100 80GB,Xeon-8ch,1,1,Versal Premium,PCIe4,embed
1x8-ch DDR5+A100 80GB+Versal Premium@PCIe5,CPU+GPU+CGRA,26000,1015.7091723101016,5.321893066666667,16,A100 80GB,Xeon-8ch,1,1,Versal Premium,PCIe5,embed
1x8-ch DDR5+A100 80GB+Versal Premium@NVLink,CPU+GPU+CGRA,26000,1015.7091723101016,4.347882471111111,16,A100 80GB,Xeon-8ch,1,1,Versal Premium,NVLink,embed
2x8-ch DDR5+A100 80GB+Versal Premium@PCIe4,CPU+GPU+CGRA,29000,1015.7091723101016,5.649573066666666,16,A100 80GB,Xeon-8ch,1,2,Versal Premium,PCIe4,embed
2x8-ch DDR5+A100 80GB+Versal Premium@PCIe5,CPU+GPU+CGRA,29000,1015.7091723101016,4.961445066666666,16,A100 80GB,Xeon-8ch,1,2,Versal Premium,PCIe5,embed
2x8-ch DDR5+A100 80GB+Versal Premium@NVLink,CPU+GPU+CGRA,29000,1015.7091723101016,4.322250613333333,16,A100 80GB,Xeon-8ch,1,2,Versal Premium,NVLink,embed
1x12-ch DDR5+RTX 4060+U280@PCIe4,CPU+GPU+CGRA,8300,689.9016396093372,9.314942222222223,16,RTX 4060,EPYC-12ch,1,1,U280,PCIe4,embed
1x12-ch DDR5+RTX 4060+U280@PCIe5,CPU+GPU+CGRA,8300,689.9016396093372,8.528510222222222,16,RTX 4060,EPYC-12ch,1,1,U280,PCIe5,embed
1x12-ch DDR5+RTX 4060+U280@NVLink,CPU+GPU+CGRA,8300,689.9016396093372,7.798002275555556,16,RTX 4060,EPYC-12ch,1,1,U280,NVLink,embed
1x12-ch DDR5+RTX 4060+Versal HBM@PCIe4,CPU+GPU+CGRA,10300,801.9672004813057,8.2231608,16,RTX 4060,EPYC-12ch,1,1,Versal HBM,PCIe4,embed
1x12-ch DDR5+RTX 4060+Versal HBM@PCIe5,CPU+GPU+CGRA,10300,801.9672004813057,7.5678008000000005,16,RTX 4060,EPYC-12ch,1,1,Versal HBM,PCIe5,embed
1x12-ch DDR5+RTX 4060+Versal HBM@NVLink,CPU+GPU+CGRA,10300,801.9672004813057,6.959044177777779,16,RTX 4060,EPYC-12ch,1,1,Versal HBM,NVLink,embed
1x12-ch DDR5+RTX 4060+Versal Premium@PCIe4,CPU+GPU+CGRA,13300,1015.7091723101016,7.148370399999999,16,RTX 4060,EPYC-12ch,1,1,Versal Premium,PCIe4,embed
1x12-ch DDR5+RTX 4060+Versal Premium@PCIe5,CPU+GPU+CGRA,13300,1015.7091723101016,6.493010399999999,16,RTX 4060,EPYC-12ch,1,1,Versal Premium,PCIe5,embed
1x12-ch DDR5+RTX 4060+Versal Premium@NVLink,CPU+GPU+CGRA,13300,1015.7091723101016,5.8842537777777775,16,RTX 4060,EPYC-12ch,1,1,Versal Premium,NVLink,embed
1x12-ch DDR5+RTX PRO 4500+U280@PCIe4,CPU+GPU+CGRA,8700,689.9016396093372,8.459942222222223,16,RTX PRO 4500,EPYC-12ch,1,1,U280,PCIe4,embed
1x12-ch DDR5+RTX PRO 4500+U280@PCIe5,CPU+GPU+CGRA,8700,689.9016396093372,7.673510222222222,16,RTX PRO 4500,EPYC-12ch,1,1,U280,PCIe5,embed
1x12-ch DDR5+RTX PRO 4500+U280@NVLink,CPU+GPU+CGRA,8700,689.9016396093372,6.943002275555556,16,RTX PRO 4500,EPYC-12ch,1,1,U280,NVLink,embed
1x12-ch DDR5+RTX PRO 4500+Versal HBM@PCIe4,CPU+GPU+CGRA,10700,801.9672004813057,7.3681608,16,RTX PRO 4500,EPYC-12ch,1,1,Versal HBM,PCIe4,embed
1x12-ch DDR5+RTX PRO 4500+Versal HBM@PCIe5,CPU+GPU+CGRA,10700,801.9672004813057,6.7128008,16,RTX PRO 4500,EPYC-12ch,1,1,Versal HBM,PCIe5,embed
1x12-ch DDR5+RTX PRO 4500+Versal HBM@NVLink,CPU+GPU+CGRA,10700,801.9672004813057,6.104044177777778,16,RTX PRO 4500,EPYC-12ch,1,1,Versal HBM,NVLink,embed
1x12-ch DDR5+RTX PRO 4500+Versal Premium@PCIe4,CPU+GPU+CGRA,13700,1015.7091723101016,6.2933704,16,RTX PRO 4500,EPYC-12ch,1,1,Versal Premium,PCIe4,embed
1x12-ch DDR5+RTX PRO 4500+Versal Premium@PCIe5,CPU+GPU+CGRA,13700,1015.7091723101016,5.6380104,16,RTX PRO 4500,EPYC-12ch,1,1,Versal Premium,PCIe5,embed
1x12-ch DDR5+RTX PRO 4500+Versal Premium@NVLink,CPU+GPU+CGRA,13700,1015.7091723101016,5.029253777777778,16,RTX PRO 4500,EPYC-12ch,1,1,Versal Premium,NVLink,embed
1x12-ch DDR5+RTX 4090+U280@PCIe4,CPU+GPU+CGRA,9800,689.9016396093372,7.950186124661247,16,RTX 4090,EPYC-12ch,1,1,U280,PCIe4,embed
1x12-ch DDR5+RTX 4090+U280@PCIe5,CPU+GPU+CGRA,9800,689.9016396093372,7.163754124661247,16,RTX 4090,EPYC-12ch,1,1,U280,PCIe5,embed
1x12-ch DDR5+RTX 4090+U280@NVLink,CPU+GPU+CGRA,9800,689.9016396093372,6.43324617799458,16,RTX 4090,EPYC-12ch,1,1,U280,NVLink,embed
1x12-ch DDR5+RTX 4090+Versal HBM@PCIe4,CPU+GPU+CGRA,11800,801.9672004813057,6.8584047024390244,16,RTX 4090,EPYC-12ch,1,1,Versal HBM,PCIe4,embed
1x12-ch DDR5+RTX 4090+Versal HBM@PCIe5,CPU+GPU+CGRA,11800,801.9672004813057,6.2030447024390245,16,RTX 4090,EPYC-12ch,1,1,Versal HBM,PCIe5,embed
1x12-ch DDR5+RTX 4090+Versal HBM@NVLink,CPU+GPU+CGRA,11800,801.9672004813057,5.594288080216803,16,RTX 4090,EPYC-12ch,1,1,Versal HBM,NVLink,embed
1x12-ch DDR5+RTX 4090+Versal Premium@PCIe4,CPU+GPU+CGRA,14800,1015.7091723101016,5.783614302439024,16,RTX 4090,EPYC-12ch,1,1,Versal Premium,PCIe4,embed
1x12-ch DDR5+RTX 4090+Versal Premium@PCIe5,CPU+GPU+CGRA,14800,1015.7091723101016,5.128254302439024,16,RTX 4090,EPYC-12ch,1,1,Versal Premium,PCIe5,embed
1x12-ch DDR5+RTX 4090+Versal Premium@NVLink,CPU+GPU+CGRA,14800,1015.7091723101016,4.519497680216802,16,RTX 4090,EPYC-12ch,1,1,Versal Premium,NVLink,embed
1x12-ch DDR5+RTX 5090+U280@PCIe4,CPU+GPU+CGRA,10500,689.9016396093372,7.8537517460317465,16,RTX 5090,EPYC-12ch,1,1,U280,PCIe4,embed
1x12-ch DDR5+RTX 5090+U280@PCIe5,CPU+GPU+CGRA,10500,689.9016396093372,7.067319746031746,16,RTX 5090,EPYC-12ch,1,1,U280,PCIe5,embed
1x12-ch DDR5+RTX 5090+U280@NVLink,CPU+GPU+CGRA,10500,689.9016396093372,6.33681179936508,16,RTX 5090,EPYC-12ch,1,1,U280,NVLink,embed
1x12-ch DDR5+RTX 5090+Versal HBM@PCIe4,CPU+GPU+CGRA,12500,801.9672004813057,6.761970323809524,16,RTX 5090,EPYC-12ch,1,1,Versal HBM,PCIe4,embed
1x12-ch DDR5+RTX 5090+Versal HBM@PCIe5,CPU+GPU+CGRA,12500,801.9672004813057,6.106610323809524,16,RTX 5090,EPYC-12ch,1,1,Versal HBM,PCIe5,embed
1x12-ch DDR5+RTX 5090+Versal HBM@NVLink,CPU+GPU+CGRA,12500,801.9672004813057,5.497853701587302,16,RTX 5090,EPYC-12ch,1,1,Versal HBM,NVLink,embed
1x12-ch DDR5+RTX 5090+Versal Premium@PCIe4,CPU+GPU+CGRA,15500,1015.7091723101016,5.6871799238095235,16,RTX 5090,EPYC-12ch,1,1,Versal Premium,PCIe4,embed
1x12-ch DDR5+RTX 5090+Versal Premium@PCIe5,CPU+GPU+CGRA,15500,1015.7091723101016,5.031819923809524,16,RTX 5090,EPYC-12ch,1,1,Versal Premium,PCIe5,embed
1x12-ch DDR5+RTX 5090+Versal Premium@NVLink,CPU+GPU+CGRA,15500,1015.7091723101016,4.423063301587302,16,RTX 5090,EPYC-12ch,1,1,Versal Premium,NVLink,embed
1x12-ch DDR5+A100 40GB+U280@PCIe4,CPU+GPU+CGRA,18000,689.9016396093372,7.750608888888889,16,A100 40GB,EPYC-12ch,1,1,U280,PCIe4,embed
1x12-ch DDR5+A100 40GB+U280@PCIe5,CPU+GPU+CGRA,18000,689.9016396093372,6.964176888888889,16,A100 40GB,EPYC-12ch,1,1,U280,PCIe5,embed
1x12-ch DDR5+A100 40GB+U280@NVLink,CPU+GPU+CGRA,18000,689.9016396093372,6.233668942222223,16,A100 40GB,EPYC-12ch,1,1,U280,NVLink,embed
1x12-ch DDR5+A100 40GB+Versal HBM@PCIe4,CPU+GPU+CGRA,20000,801.9672004813057,6.658827466666667,16,A100 40GB,EPYC-12ch,1,1,Versal HBM,PCIe4,embed
1x12-ch DDR5+A100 40GB+Versal HBM@PCIe5,CPU+GPU+CGRA,20000,801.9672004813057,6.003467466666667,16,A100 40GB,EPYC-12ch,1,1,Versal HBM,PCIe5,embed
1x12-ch DDR5+A100 40GB+Versal HBM@NVLink,CPU+GPU+CGRA,20000,801.9672004813057,5.394710844444445,16,A100 40GB,EPYC-12ch,1,1,Versal HBM,NVLink,embed
1x12-ch DDR5+A100 40GB+Versal Premium@PCIe4,CPU+GPU+CGRA,23000,1015.7091723101016,5.584037066666666,16,A100 40GB,EPYC-12ch,1,1,Versal Premium,PCIe4,embed
1x12-ch DDR5+A100 40GB+Versal Premium@PCIe5,CPU+GPU+CGRA,23000,1015.7091723101016,4.928677066666666,16,A100 40GB,EPYC-12ch,1,1,Versal Premium,PCIe5,embed
1x12-ch DDR5+A100 40GB+Versal Premium@NVLink,CPU+GPU+CGRA,23000,1015.7091723101016,4.319920444444445,16,A100 40GB,EPYC-12ch,1,1,Versal Premium,NVLink,embed
1x12-ch DDR5+A100 80GB+U280@PCIe4,CPU+GPU+CGRA,23000,689.9016396093372,7.750608888888889,16,A100 80GB,EPYC-12ch,1,1,U280,PCIe4,embed
1x12-ch DDR5+A100 80GB+U280@PCIe5,CPU+GPU+CGRA,23000,689.9016396093372,6.964176888888889,16,A100 80GB,EPYC-12ch,1,1,U280,PCIe5,embed
1x12-ch DDR5+A100 80GB+U280@NVLink,CPU+GPU+CGRA,23000,689.9016396093372,6.233668942222223,16,A100 80GB,EPYC-12ch,1,1,U280,NVLink,embed
1x12-ch DDR5+A100 80GB+Versal HBM@PCIe4,CPU+GPU+CGRA,25000,801.9672004813057,6.658827466666667,16,A100 80GB,EPYC-12ch,1,1,Versal HBM,PCIe4,embed
1x12-ch DDR5+A100 80GB+Versal HBM@PCIe5,CPU+GPU+CGRA,25000,801.9672004813057,6.003467466666667,16,A100 80GB,EPYC-12ch,1,1,Versal HBM,PCIe5,embed
1x12-ch DDR5+A100 80GB+Versal HBM@NVLink,CPU+GPU+CGRA,25000,801.9672004813057,5.394710844444445,16,A100 80GB,EPYC-12ch,1,1,Versal HBM,NVLink,embed
1x12-ch DDR5+A100 80GB+Versal Premium@PCIe4,CPU+GPU+CGRA,28000,1015.7091723101016,5.584037066666666,16,A100 80GB,EPYC-12ch,1,1,Versal Premium,PCIe4,embed
1x12-ch DDR5+A100 80GB+Versal Premium@PCIe5,CPU+GPU+CGRA,28000,1015.7091723101016,4.928677066666666,16,A100 80GB,EPYC-12ch,1,1,Versal Premium,PCIe5,embed
1x12-ch DDR5+A100 80GB+Versal Premium@NVLink,CPU+GPU+CGRA,28000,1015.7091723101016,4.319920444444445,16,A100 80GB,EPYC-12ch,1,1,Versal Premium,NVLink,embed
