label,category,cost,throughput_kinfs,latency_ms,embed_gb,gpu,cpu,num_gpus,num_nodes,cgra,interconnect,bottleneck
4xA100 40GB,Multi-GPU,50000,4313.928589733626,0.9494825690317971,100,A100 40GB,,4,0,,,GPU embed
2xA100 80GB,Multi-GPU,33000,3359.171826595527,1.2193481642024957,100,A100 80GB,,2,0,,,GPU embed
4xA100 80GB,Multi-GPU,60000,5148.244309771181,0.7956110381603182,100,A100 80GB,,4,0,,,GPU embed
1x4-ch DDR5+RTX 4060@PCIe4,CPU+GPU,1380,141.87674313990107,32.379065870129864,100,RTX 4060,Xeon-4ch,1,1,,PCIe4,CPU embed
1x4-ch DDR5+RTX 4060@PCIe5,CPU+GPU,1380,141.87674313990107,31.527097870129865,100,RTX 4060,Xeon-4ch,1,1,,PCIe5,CPU embed
1x4-ch DDR5+RTX 4060@NVLink,CPU+GPU,1380,141.87674313990107,30.735714261240975,100,RTX 4060,Xeon-4ch,1,1,,NVLink,CPU embed
2x4-ch DDR5+RTX 4060@PCIe4,CPU+GPU,1900,280.8185264778272,18.094868243766726,100,RTX 4060,Xeon-4ch,1,2,,PCIe4,CPU embed
2x4-ch DDR5+RTX 4060@PCIe5,CPU+GPU,1900,280.8185264778272,17.242900243766726,100,RTX 4060,Xeon-4ch,1,2,,PCIe5,CPU embed
2x4-ch DDR5+RTX 4060@NVLink,CPU+GPU,1900,280.8185264778272,16.451516634877837,100,RTX 4060,Xeon-4ch,1,2,,NVLink,CPU embed
4x4-ch DDR5+RTX 4060@PCIe4,CPU+GPU,3500,555.8278479469835,10.878124167036008,100,RTX 4060,Xeon-4ch,1,4,,PCIe4,CPU embed
4x4-ch DDR5+RTX 4060@PCIe5,CPU+GPU,3500,555.8278479469835,10.026156167036007,100,RTX 4060,Xeon-4ch,1,4,,PCIe5,CPU embed
4x4-ch DDR5+RTX 4060@NVLink,CPU+GPU,3500,555.8278479469835,9.23477255814712,100,RTX 4060,Xeon-4ch,1,4,,NVLink,CPU embed
8x4-ch DDR5+RTX 4060@PCIe4,CPU+GPU,6700,1100.1574590833434,7.232039421407338,100,RTX 4060,Xeon-4ch,1,8,,PCIe4,CPU embed
8x4-ch DDR5+RTX 4060@PCIe5,CPU+GPU,6700,1100.1574590833434,6.380071421407338,100,RTX 4060,Xeon-4ch,1,8,,PCIe5,CPU embed
8x4-ch DDR5+RTX 4060@NVLink,CPU+GPU,6700,1100.1574590833434,5.588687812518449,100,RTX 4060,Xeon-4ch,1,8,,NVLink,CPU embed
16x4-ch DDR5+RTX 4060@PCIe4,CPU+GPU,13100,2177.556304973343,5.389943618790433,100,RTX 4060,Xeon-4ch,1,16,,PCIe4,CPU embed
16x4-ch DDR5+RTX 4060@PCIe5,CPU+GPU,13100,2177.556304973343,4.5379756187904325,100,RTX 4060,Xeon-4ch,1,16,,PCIe5,CPU embed
16x4-ch DDR5+RTX 4060@NVLink,CPU+GPU,13100,2177.556304973343,3.7465920099015433,100,RTX 4060,Xeon-4ch,1,16,,NVLink,CPU embed
1x4-ch DDR5+RTX PRO 4500@PCIe4,CPU+GPU,1780,141.87674313990107,31.524065870129863,100,RTX PRO 4500,Xeon-4ch,1,1,,PCIe4,CPU embed
1x4-ch DDR5+RTX PRO 4500@PCIe5,CPU+GPU,1780,141.87674313990107,30.672097870129864,100,RTX PRO 4500,Xeon-4ch,1,1,,PCIe5,CPU embed
1x4-ch DDR5+RTX PRO 4500@NVLink,CPU+GPU,1780,141.87674313990107,29.880714261240975,100,RTX PRO 4500,Xeon-4ch,1,1,,NVLink,CPU embed
2x4-ch DDR5+RTX PRO 4500@PCIe4,CPU+GPU,2300,280.8185264778272,17.239868243766725,100,RTX PRO 4500,Xeon-4ch,1,2,,PCIe4,CPU embed
2x4-ch DDR5+RTX PRO 4500@PCIe5,CPU+GPU,2300,280.8185264778272,16.387900243766726,100,RTX PRO 4500,Xeon-4ch,1,2,,PCIe5,CPU embed
2x4-ch DDR5+RTX PRO 4500@NVLink,CPU+GPU,2300,280.8185264778272,15.596516634877837,100,RTX PRO 4500,Xeon-4ch,1,2,,NVLink,CPU embed
4x4-ch DDR5+RTX PRO 4500@PCIe4,CPU+GPU,3900,555.8278479469835,10.023124167036007,100,RTX PRO 4500,Xeon-4ch,1,4,,PCIe4,CPU embed
4x4-ch DDR5+RTX PRO 4500@PCIe5,CPU+GPU,3900,555.8278479469835,9.171156167036006,100,RTX PRO 4500,Xeon-4ch,1,4,,PCIe5,CPU embed
4x4-ch DDR5+RTX PRO 4500@NVLink,CPU+GPU,3900,555.8278479469835,8.379772558147119,100,RTX PRO 4500,Xeon-4ch,1,4,,NVLink,CPU embed
8x4-ch DDR5+RTX PRO 4500@PCIe4,CPU+GPU,7100,1100.1574590833434,6.377039421407338,100,RTX PRO 4500,Xeon-4ch,1,8,,PCIe4,CPU embed
8x4-ch DDR5+RTX PRO 4500@PCIe5,CPU+GPU,7100,1100.1574590833434,5.525071421407339,100,RTX PRO 4500,Xeon-4ch,1,8,,PCIe5,CPU embed
8x4-ch DDR5+RTX PRO 4500@NVLink,CPU+GPU,7100,1100.1574590833434,4.73368781251845,100,RTX PRO 4500,Xeon-4ch,1,8,,NVLink,CPU embed
16x4-ch DDR5+RTX PRO 4500@PCIe4,CPU+GPU,13500,2177.556304973343,4.534943618790432,100,RTX PRO 4500,Xeon-4ch,1,16,,PCIe4,CPU embed
16x4-ch DDR5+RTX PRO 4500@PCIe5,CPU+GPU,13500,2177.556304973343,3.6829756187904326,100,RTX PRO 4500,Xeon-4ch,1,16,,PCIe5,CPU embed
16x4-ch DDR5+RTX PRO 4500@NVLink,CPU+GPU,13500,2177.556304973343,2.8915920099015433,100,RTX PRO 4500,Xeon-4ch,1,16,,NVLink,CPU embed
1x4-ch DDR5+RTX 4090@PCIe4,CPU+GPU,2880,141.87674313990107,31.01430977256889,100,RTX 4090,Xeon-4ch,1,1,,PCIe4,CPU embed
1x4-ch DDR5+RTX 4090@PCIe5,CPU+GPU,2880,141.87674313990107,30.16234177256889,100,RTX 4090,Xeon-4ch,1,1,,PCIe5,CPU embed
1x4-ch DDR5+RTX 4090@NVLink,CPU+GPU,2880,141.87674313990107,29.37095816368,100,RTX 4090,Xeon-4ch,1,1,,NVLink,CPU embed
2x4-ch DDR5+RTX 4090@PCIe4,CPU+GPU,3400,280.8185264778272,16.73011214620575,100,RTX 4090,Xeon-4ch,1,2,,PCIe4,CPU embed
2x4-ch DDR5+RTX 4090@PCIe5,CPU+GPU,3400,280.8185264778272,15.878144146205749,100,RTX 4090,Xeon-4ch,1,2,,PCIe5,CPU embed
2x4-ch DDR5+RTX 4090@NVLink,CPU+GPU,3400,280.8185264778272,15.086760537316861,100,RTX 4090,Xeon-4ch,1,2,,NVLink,CPU embed
4x4-ch DDR5+RTX 4090@PCIe4,CPU+GPU,5000,555.8278479469835,9.513368069475032,100,RTX 4090,Xeon-4ch,1,4,,PCIe4,CPU embed
4x4-ch DDR5+RTX 4090@PCIe5,CPU+GPU,5000,555.8278479469835,8.66140006947503,100,RTX 4090,Xeon-4ch,1,4,,PCIe5,CPU embed
4x4-ch DDR5+RTX 4090@NVLink,CPU+GPU,5000,555.8278479469835,7.870016460586143,100,RTX 4090,Xeon-4ch,1,4,,NVLink,CPU embed
8x4-ch DDR5+RTX 4090@PCIe4,CPU+GPU,8200,1100.1574590833434,5.867283323846363,100,RTX 4090,Xeon-4ch,1,8,,PCIe4,CPU embed
8x4-ch DDR5+RTX 4090@PCIe5,CPU+GPU,8200,1100.1574590833434,5.015315323846363,100,RTX 4090,Xeon-4ch,1,8,,PCIe5,CPU embed
8x4-ch DDR5+RTX 4090@NVLink,CPU+GPU,8200,1100.1574590833434,4.223931714957474,100,RTX 4090,Xeon-4ch,1,8,,NVLink,CPU embed
16x4-ch DDR5+RTX 4090@PCIe4,CPU+GPU,14600,2177.556304973343,4.025187521229457,100,RTX 4090,Xeon-4ch,1,16,,PCIe4,CPU embed
16x4-ch DDR5+RTX 4090@PCIe5,CPU+GPU,14600,2177.556304973343,3.173219521229457,100,RTX 4090,Xeon-4ch,1,16,,PCIe5,CPU embed
16x4-ch DDR5+RTX 4090@NVLink,CPU+GPU,14600,2177.556304973343,2.3818359123405677,100,RTX 4090,Xeon-4ch,1,16,,NVLink,CPU embed
1x4-ch DDR5+RTX 5090@PCIe4,CPU+GPU,3580,141.87674313990107,30.917875393939386,100,RTX 5090,Xeon-4ch,1,1,,PCIe4,CPU embed
1x4-ch DDR5+RTX 5090@PCIe5,CPU+GPU,3580,141.87674313990107,30.065907393939387,100,RTX 5090,Xeon-4ch,1,1,,PCIe5,CPU embed
1x4-ch DDR5+RTX 5090@NVLink,CPU+GPU,3580,141.87674313990107,29.274523785050498,100,RTX 5090,Xeon-4ch,1,1,,NVLink,CPU embed
2x4-ch DDR5+RTX 5090@PCIe4,CPU+GPU,4100,280.8185264778272,16.63367776757625,100,RTX 5090,Xeon-4ch,1,2,,PCIe4,CPU embed
2x4-ch DDR5+RTX 5090@PCIe5,CPU+GPU,4100,280.8185264778272,15.781709767576249,100,RTX 5090,Xeon-4ch,1,2,,PCIe5,CPU embed
2x4-ch DDR5+RTX 5090@NVLink,CPU+GPU,4100,280.8185264778272,14.990326158687362,100,RTX 5090,Xeon-4ch,1,2,,NVLink,CPU embed
4x4-ch DDR5+RTX 5090@PCIe4,CPU+GPU,5700,555.8278479469835,9.416933690845532,100,RTX 5090,Xeon-4ch,1,4,,PCIe4,CPU embed
4x4-ch DDR5+RTX 5090@PCIe5,CPU+GPU,5700,555.8278479469835,8.564965690845531,100,RTX 5090,Xeon-4ch,1,4,,PCIe5,CPU embed
4x4-ch DDR5+RTX 5090@NVLink,CPU+GPU,5700,555.8278479469835,7.773582081956643,100,RTX 5090,Xeon-4ch,1,4,,NVLink,CPU embed
8x4-ch DDR5+RTX 5090@PCIe4,CPU+GPU,8900,1100.1574590833434,5.770848945216862,100,RTX 5090,Xeon-4ch,1,8,,PCIe4,CPU embed
8x4-ch DDR5+RTX 5090@PCIe5,CPU+GPU,8900,1100.1574590833434,4.918880945216863,100,RTX 5090,Xeon-4ch,1,8,,PCIe5,CPU embed
8x4-ch DDR5+RTX 5090@NVLink,CPU+GPU,8900,1100.1574590833434,4.127497336327973,100,RTX 5090,Xeon-4ch,1,8,,NVLink,CPU embed
16x4-ch DDR5+RTX 5090@PCIe4,CPU+GPU,15300,2177.556304973343,3.9287531425999562,100,RTX 5090,Xeon-4ch,1,16,,PCIe4,CPU embed
16x4-ch DDR5+RTX 5090@PCIe5,CPU+GPU,15300,2177.556304973343,3.0767851425999564,100,RTX 5090,Xeon-4ch,1,16,,PCIe5,CPU embed
16x4-ch DDR5+RTX 5090@NVLink,CPU+GPU,15300,2177.556304973343,2.285401533711067,100,RTX 5090,Xeon-4ch,1,16,,NVLink,CPU embed
1x4-ch DDR5+A100 40GB@PCIe4,CPU+GPU,11080,141.87674313990107,30.81473253679653,100,A100 40GB,Xeon-4ch,1,1,,PCIe4,CPU embed
1x4-ch DDR5+A100 40GB@PCIe5,CPU+GPU,11080,141.87674313990107,29.96276453679653,100,A100 40GB,Xeon-4ch,1,1,,PCIe5,CPU embed
1x4-ch DDR5+A100 40GB@NVLink,CPU+GPU,11080,141.87674313990107,29.17138092790764,100,A100 40GB,Xeon-4ch,1,1,,NVLink,CPU embed
2x4-ch DDR5+A100 40GB@PCIe4,CPU+GPU,11600,280.8185264778272,16.530534910433392,100,A100 40GB,Xeon-4ch,1,2,,PCIe4,CPU embed
2x4-ch DDR5+A100 40GB@PCIe5,CPU+GPU,11600,280.8185264778272,15.678566910433391,100,A100 40GB,Xeon-4ch,1,2,,PCIe5,CPU embed
2x4-ch DDR5+A100 40GB@NVLink,CPU+GPU,11600,280.8185264778272,14.887183301544503,100,A100 40GB,Xeon-4ch,1,2,,NVLink,CPU embed
4x4-ch DDR5+A100 40GB@PCIe4,CPU+GPU,13200,555.8278479469835,9.313790833702674,100,A100 40GB,Xeon-4ch,1,4,,PCIe4,CPU embed
4x4-ch DDR5+A100 40GB@PCIe5,CPU+GPU,13200,555.8278479469835,8.461822833702673,100,A100 40GB,Xeon-4ch,1,4,,PCIe5,CPU embed
4x4-ch DDR5+A100 40GB@NVLink,CPU+GPU,13200,555.8278479469835,7.670439224813785,100,A100 40GB,Xeon-4ch,1,4,,NVLink,CPU embed
8x4-ch DDR5+A100 40GB@PCIe4,CPU+GPU,16400,1100.1574590833434,5.667706088074005,100,A100 40GB,Xeon-4ch,1,8,,PCIe4,CPU embed
8x4-ch DDR5+A100 40GB@PCIe5,CPU+GPU,16400,1100.1574590833434,4.8157380880740055,100,A100 40GB,Xeon-4ch,1,8,,PCIe5,CPU embed
8x4-ch DDR5+A100 40GB@NVLink,CPU+GPU,16400,1100.1574590833434,4.024354479185116,100,A100 40GB,Xeon-4ch,1,8,,NVLink,CPU embed
16x4-ch DDR5+A100 40GB@PCIe4,CPU+GPU,22800,2177.556304973343,3.825610285457099,100,A100 40GB,Xeon-4ch,1,16,,PCIe4,CPU embed
16x4-ch DDR5+A100 40GB@PCIe5,CPU+GPU,22800,2177.556304973343,2.973642285457099,100,A100 40GB,Xeon-4ch,1,16,,PCIe5,CPU embed
16x4-ch DDR5+A100 40GB@NVLink,CPU+GPU,22800,2177.556304973343,2.18225867656821,100,A100 40GB,Xeon-4ch,1,16,,NVLink,CPU embed
1x4-ch DDR5+A100 80GB@PCIe4,CPU+GPU,16080,141.87674313990107,30.81473253679653,100,A100 80GB,Xeon-4ch,1,1,,PCIe4,CPU embed
1x4-ch DDR5+A100 80GB@PCIe5,CPU+GPU,16080,141.87674313990107,29.96276453679653,100,A100 80GB,Xeon-4ch,1,1,,PCIe5,CPU embed
1x4-ch DDR5+A100 80GB@NVLink,CPU+GPU,16080,141.87674313990107,29.17138092790764,100,A100 80GB,Xeon-4ch,1,1,,NVLink,CPU embed
2x4-ch DDR5+A100 80GB@PCIe4,CPU+GPU,16600,280.8185264778272,16.530534910433392,100,A100 80GB,Xeon-4ch,1,2,,PCIe4,CPU embed
2x4-ch DDR5+A100 80GB@PCIe5,CPU+GPU,16600,280.8185264778272,15.678566910433391,100,A100 80GB,Xeon-4ch,1,2,,PCIe5,CPU embed
2x4-ch DDR5+A100 80GB@NVLink,CPU+GPU,16600,280.8185264778272,14.887183301544503,100,A100 80GB,Xeon-4ch,1,2,,NVLink,CPU embed
4x4-ch DDR5+A100 80GB@PCIe4,CPU+GPU,18200,555.8278479469835,9.313790833702674,100,A100 80GB,Xeon-4ch,1,4,,PCIe4,CPU embed
4x4-ch DDR5+A100 80GB@PCIe5,CPU+GPU,18200,555.8278479469835,8.461822833702673,100,A100 80GB,Xeon-4ch,1,4,,PCIe5,CPU embed
4x4-ch DDR5+A100 80GB@NVLink,CPU+GPU,18200,555.8278479469835,7.670439224813785,100,A100 80GB,Xeon-4ch,1,4,,NVLink,CPU embed
8x4-ch DDR5+A100 80GB@PCIe4,CPU+GPU,21400,1100.1574590833434,5.667706088074005,100,A100 80GB,Xeon-4ch,1,8,,PCIe4,CPU embed
8x4-ch DDR5+A100 80GB@PCIe5,CPU+GPU,21400,1100.1574590833434,4.8157380880740055,100,A100 80GB,Xeon-4ch,1,8,,PCIe5,CPU embed
8x4-ch DDR5+A100 80GB@NVLink,CPU+GPU,21400,1100.1574590833434,4.024354479185116,100,A100 80GB,Xeon-4ch,1,8,,NVLink,CPU embed
16x4-ch DDR5+A100 80GB@PCIe4,CPU+GPU,27800,2177.556304973343,3.825610285457099,100,A100 80GB,Xeon-4ch,1,16,,PCIe4,CPU embed
16x4-ch DDR5+A100 80GB@PCIe5,CPU+GPU,27800,2177.556304973343,2.973642285457099,100,A100 80GB,Xeon-4ch,1,16,,PCIe5,CPU embed
16x4-ch DDR5+A100 80GB@NVLink,CPU+GPU,27800,2177.556304973343,2.18225867656821,100,A100 80GB,Xeon-4ch,1,16,,NVLink,CPU embed
1x6-ch DDR5+RTX 4060@PCIe4,CPU+GPU,1780,276.3832658569501,18.328936,100,RTX 4060,Xeon-6ch,1,1,,PCIe4,CPU embed
1x6-ch DDR5+RTX 4060@PCIe5,CPU+GPU,1780,276.3832658569501,17.476968,100,RTX 4060,Xeon-6ch,1,1,,PCIe5,CPU embed
1x6-ch DDR5+RTX 4060@NVLink,CPU+GPU,1780,276.3832658569501,16.68558439111111,100,RTX 4060,Xeon-6ch,1,1,,NVLink,CPU embed
2x6-ch DDR5+RTX 4060@PCIe4,CPU+GPU,2700,547.0490775542089,10.996381218466919,100,RTX 4060,Xeon-6ch,1,2,,PCIe4,CPU embed
2x6-ch DDR5+RTX 4060@PCIe5,CPU+GPU,2700,547.0490775542089,10.14441321846692,100,RTX 4060,Xeon-6ch,1,2,,PCIe5,CPU embed
2x6-ch DDR5+RTX 4060@NVLink,CPU+GPU,2700,547.0490775542089,9.35302960957803,100,RTX 4060,Xeon-6ch,1,2,,NVLink,CPU embed
4x6-ch DDR5+RTX 4060@PCIe4,CPU+GPU,5100,1082.781521974643,7.291785925745151,100,RTX 4060,Xeon-6ch,1,4,,PCIe4,CPU embed
4x6-ch DDR5+RTX 4060@PCIe5,CPU+GPU,5100,1082.781521974643,6.439817925745151,100,RTX 4060,Xeon-6ch,1,4,,PCIe5,CPU embed
4x6-ch DDR5+RTX 4060@NVLink,CPU+GPU,5100,1082.781521974643,5.648434316856262,100,RTX 4060,Xeon-6ch,1,4,,NVLink,CPU embed
8x6-ch DDR5+RTX 4060@PCIe4,CPU+GPU,9900,2143.1638813311883,5.4201290896557675,100,RTX 4060,Xeon-6ch,1,8,,PCIe4,CPU embed
8x6-ch DDR5+RTX 4060@PCIe5,CPU+GPU,9900,2143.1638813311883,4.568161089655767,100,RTX 4060,Xeon-6ch,1,8,,PCIe5,CPU embed
8x6-ch DDR5+RTX 4060@NVLink,CPU+GPU,9900,2143.1638813311883,3.7767774807668784,100,RTX 4060,Xeon-6ch,1,8,,NVLink,CPU embed
16x6-ch DDR5+RTX 4060@PCIe4,CPU+GPU,19500,2269.2520775623266,4.4745199109790885,100,RTX 4060,Xeon-6ch,1,16,,PCIe4,GPU MLP
16x6-ch DDR5+RTX 4060@PCIe5,CPU+GPU,19500,2269.2520775623266,3.622551910979089,100,RTX 4060,Xeon-6ch,1,16,,PCIe5,GPU MLP
16x6-ch DDR5+RTX 4060@NVLink,CPU+GPU,19500,2269.2520775623266,2.8311683020902,100,RTX 4060,Xeon-6ch,1,16,,NVLink,GPU MLP
1x6-ch DDR5+RTX PRO 4500@PCIe4,CPU+GPU,2180,276.3832658569501,17.473936,100,RTX PRO 4500,Xeon-6ch,1,1,,PCIe4,CPU embed
1x6-ch DDR5+RTX PRO 4500@PCIe5,CPU+GPU,2180,276.3832658569501,16.621968,100,RTX PRO 4500,Xeon-6ch,1,1,,PCIe5,CPU embed
1x6-ch DDR5+RTX PRO 4500@NVLink,CPU+GPU,2180,276.3832658569501,15.83058439111111,100,RTX PRO 4500,Xeon-6ch,1,1,,NVLink,CPU embed
2x6-ch DDR5+RTX PRO 4500@PCIe4,CPU+GPU,3100,547.0490775542089,10.141381218466918,100,RTX PRO 4500,Xeon-6ch,1,2,,PCIe4,CPU embed
2x6-ch DDR5+RTX PRO 4500@PCIe5,CPU+GPU,3100,547.0490775542089,9.289413218466919,100,RTX PRO 4500,Xeon-6ch,1,2,,PCIe5,CPU embed
2x6-ch DDR5+RTX PRO 4500@NVLink,CPU+GPU,3100,547.0490775542089,8.49802960957803,100,RTX PRO 4500,Xeon-6ch,1,2,,NVLink,CPU embed
4x6-ch DDR5+RTX PRO 4500@PCIe4,CPU+GPU,5500,1082.781521974643,6.436785925745151,100,RTX PRO 4500,Xeon-6ch,1,4,,PCIe4,CPU embed
4x6-ch DDR5+RTX PRO 4500@PCIe5,CPU+GPU,5500,1082.781521974643,5.584817925745151,100,RTX PRO 4500,Xeon-6ch,1,4,,PCIe5,CPU embed
4x6-ch DDR5+RTX PRO 4500@NVLink,CPU+GPU,5500,1082.781521974643,4.793434316856262,100,RTX PRO 4500,Xeon-6ch,1,4,,NVLink,CPU embed
8x6-ch DDR5+RTX PRO 4500@PCIe4,CPU+GPU,10300,2143.1638813311883,4.565129089655767,100,RTX PRO 4500,Xeon-6ch,1,8,,PCIe4,CPU embed
8x6-ch DDR5+RTX PRO 4500@PCIe5,CPU+GPU,10300,2143.1638813311883,3.7131610896557676,100,RTX PRO 4500,Xeon-6ch,1,8,,PCIe5,CPU embed
8x6-ch DDR5+RTX PRO 4500@NVLink,CPU+GPU,10300,2143.1638813311883,2.9217774807668784,100,RTX PRO 4500,Xeon-6ch,1,8,,NVLink,CPU embed
16x6-ch DDR5+RTX PRO 4500@PCIe4,CPU+GPU,19900,2403.846153846154,3.619519910979089,100,RTX PRO 4500,Xeon-6ch,1,16,,PCIe4,transfer
16x6-ch DDR5+RTX PRO 4500@PCIe5,CPU+GPU,19900,4241.992801896121,2.7675519109790887,100,RTX PRO 4500,Xeon-6ch,1,16,,PCIe5,CPU embed
16x6-ch DDR5+RTX PRO 4500@NVLink,CPU+GPU,19900,4241.992801896121,1.9761683020902,100,RTX PRO 4500,Xeon-6ch,1,16,,NVLink,CPU embed
1x6-ch DDR5+RTX 4090@PCIe4,CPU+GPU,3280,276.3832658569501,16.964179902439025,100,RTX 4090,Xeon-6ch,1,1,,PCIe4,CPU embed
1x6-ch DDR5+RTX 4090@PCIe5,CPU+GPU,3280,276.3832658569501,16.11221190243902,100,RTX 4090,Xeon-6ch,1,1,,PCIe5,CPU embed
1x6-ch DDR5+RTX 4090@NVLink,CPU+GPU,3280,276.3832658569501,15.320828293550134,100,RTX 4090,Xeon-6ch,1,1,,NVLink,CPU embed
2x6-ch DDR5+RTX 4090@PCIe4,CPU+GPU,4200,547.0490775542089,9.631625120905943,100,RTX 4090,Xeon-6ch,1,2,,PCIe4,CPU embed
2x6-ch DDR5+RTX 4090@PCIe5,CPU+GPU,4200,547.0490775542089,8.779657120905943,100,RTX 4090,Xeon-6ch,1,2,,PCIe5,CPU embed
2x6-ch DDR5+RTX 4090@NVLink,CPU+GPU,4200,547.0490775542089,7.988273512017055,100,RTX 4090,Xeon-6ch,1,2,,NVLink,CPU embed
4x6-ch DDR5+RTX 4090@PCIe4,CPU+GPU,6600,1082.781521974643,5.927029828184176,100,RTX 4090,Xeon-6ch,1,4,,PCIe4,CPU embed
4x6-ch DDR5+RTX 4090@PCIe5,CPU+GPU,6600,1082.781521974643,5.075061828184175,100,RTX 4090,Xeon-6ch,1,4,,PCIe5,CPU embed
4x6-ch DDR5+RTX 4090@NVLink,CPU+GPU,6600,1082.781521974643,4.283678219295286,100,RTX 4090,Xeon-6ch,1,4,,NVLink,CPU embed
8x6-ch DDR5+RTX 4090@PCIe4,CPU+GPU,11400,2143.1638813311883,4.055372992094791,100,RTX 4090,Xeon-6ch,1,8,,PCIe4,CPU embed
8x6-ch DDR5+RTX 4090@PCIe5,CPU+GPU,11400,2143.1638813311883,3.203404992094792,100,RTX 4090,Xeon-6ch,1,8,,PCIe5,CPU embed
8x6-ch DDR5+RTX 4090@NVLink,CPU+GPU,11400,2143.1638813311883,2.4120213832059028,100,RTX 4090,Xeon-6ch,1,8,,NVLink,CPU embed
16x6-ch DDR5+RTX 4090@PCIe4,CPU+GPU,21000,2403.846153846154,3.1097638134181134,100,RTX 4090,Xeon-6ch,1,16,,PCIe4,transfer
16x6-ch DDR5+RTX 4090@PCIe5,CPU+GPU,21000,4241.992801896121,2.257795813418113,100,RTX 4090,Xeon-6ch,1,16,,PCIe5,CPU embed
16x6-ch DDR5+RTX 4090@NVLink,CPU+GPU,21000,4241.992801896121,1.466412204529224,100,RTX 4090,Xeon-6ch,1,16,,NVLink,CPU embed
1x6-ch DDR5+RTX 5090@PCIe4,CPU+GPU,3980,276.3832658569501,16.86774552380952,100,RTX 5090,Xeon-6ch,1,1,,PCIe4,CPU embed
1x6-ch DDR5+RTX 5090@PCIe5,CPU+GPU,3980,276.3832658569501,16.015777523809522,100,RTX 5090,Xeon-6ch,1,1,,PCIe5,CPU embed
1x6-ch DDR5+RTX 5090@NVLink,CPU+GPU,3980,276.3832658569501,15.224393914920634,100,RTX 5090,Xeon-6ch,1,1,,NVLink,CPU embed
2x6-ch DDR5+RTX 5090@PCIe4,CPU+GPU,4900,547.0490775542089,9.535190742276443,100,RTX 5090,Xeon-6ch,1,2,,PCIe4,CPU embed
2x6-ch DDR5+RTX 5090@PCIe5,CPU+GPU,4900,547.0490775542089,8.683222742276444,100,RTX 5090,Xeon-6ch,1,2,,PCIe5,CPU embed
2x6-ch DDR5+RTX 5090@NVLink,CPU+GPU,4900,547.0490775542089,7.891839133387554,100,RTX 5090,Xeon-6ch,1,2,,NVLink,CPU embed
4x6-ch DDR5+RTX 5090@PCIe4,CPU+GPU,7300,1082.781521974643,5.830595449554675,100,RTX 5090,Xeon-6ch,1,4,,PCIe4,CPU embed
4x6-ch DDR5+RTX 5090@PCIe5,CPU+GPU,7300,1082.781521974643,4.978627449554675,100,RTX 5090,Xeon-6ch,1,4,,PCIe5,CPU embed
4x6-ch DDR5+RTX 5090@NVLink,CPU+GPU,7300,1082.781521974643,4.1872438406657855,100,RTX 5090,Xeon-6ch,1,4,,NVLink,CPU embed
8x6-ch DDR5+RTX 5090@PCIe4,CPU+GPU,12100,2143.1638813311883,3.9589386134652913,100,RTX 5090,Xeon-6ch,1,8,,PCIe4,CPU embed
8x6-ch DDR5+RTX 5090@PCIe5,CPU+GPU,12100,2143.1638813311883,3.1069706134652915,100,RTX 5090,Xeon-6ch,1,8,,PCIe5,CPU embed
8x6-ch DDR5+RTX 5090@NVLink,CPU+GPU,12100,2143.1638813311883,2.315587004576402,100,RTX 5090,Xeon-6ch,1,8,,NVLink,CPU embed
16x6-ch DDR5+RTX 5090@PCIe4,CPU+GPU,21700,2403.846153846154,3.013329434788613,100,RTX 5090,Xeon-6ch,1,16,,PCIe4,transfer
16x6-ch DDR5+RTX 5090@PCIe5,CPU+GPU,21700,4241.992801896121,2.1613614347886125,100,RTX 5090,Xeon-6ch,1,16,,PCIe5,CPU embed
16x6-ch DDR5+RTX 5090@NVLink,CPU+GPU,21700,4241.992801896121,1.3699778258997235,100,RTX 5090,Xeon-6ch,1,16,,NVLink,CPU embed
1x6-ch DDR5+A100 40GB@PCIe4,CPU+GPU,11480,276.3832658569501,16.764602666666665,100,A100 40GB,Xeon-6ch,1,1,,PCIe4,CPU embed
1x6-ch DDR5+A100 40GB@PCIe5,CPU+GPU,11480,276.3832658569501,15.912634666666664,100,A100 40GB,Xeon-6ch,1,1,,PCIe5,CPU embed
1x6-ch DDR5+A100 40GB@NVLink,CPU+GPU,11480,276.3832658569501,15.121251057777776,100,A100 40GB,Xeon-6ch,1,1,,NVLink,CPU embed
2x6-ch DDR5+A100 40GB@PCIe4,CPU+GPU,12400,547.0490775542089,9.432047885133585,100,A100 40GB,Xeon-6ch,1,2,,PCIe4,CPU embed
2x6-ch DDR5+A100 40GB@PCIe5,CPU+GPU,12400,547.0490775542089,8.580079885133586,100,A100 40GB,Xeon-6ch,1,2,,PCIe5,CPU embed
2x6-ch DDR5+A100 40GB@NVLink,CPU+GPU,12400,547.0490775542089,7.788696276244697,100,A100 40GB,Xeon-6ch,1,2,,NVLink,CPU embed
4x6-ch DDR5+A100 40GB@PCIe4,CPU+GPU,14800,1082.781521974643,5.727452592411818,100,A100 40GB,Xeon-6ch,1,4,,PCIe4,CPU embed
4x6-ch DDR5+A100 40GB@PCIe5,CPU+GPU,14800,1082.781521974643,4.8754845924118175,100,A100 40GB,Xeon-6ch,1,4,,PCIe5,CPU embed
4x6-ch DDR5+A100 40GB@NVLink,CPU+GPU,14800,1082.781521974643,4.084100983522928,100,A100 40GB,Xeon-6ch,1,4,,NVLink,CPU embed
8x6-ch DDR5+A100 40GB@PCIe4,CPU+GPU,19600,2143.1638813311883,3.855795756322434,100,A100 40GB,Xeon-6ch,1,8,,PCIe4,CPU embed
8x6-ch DDR5+A100 40GB@PCIe5,CPU+GPU,19600,2143.1638813311883,3.0038277563224343,100,A100 40GB,Xeon-6ch,1,8,,PCIe5,CPU embed
8x6-ch DDR5+A100 40GB@NVLink,CPU+GPU,19600,2143.1638813311883,2.212444147433545,100,A100 40GB,Xeon-6ch,1,8,,NVLink,CPU embed
16x6-ch DDR5+A100 40GB@PCIe4,CPU+GPU,29200,2403.846153846154,2.9101865776457556,100,A100 40GB,Xeon-6ch,1,16,,PCIe4,transfer
16x6-ch DDR5+A100 40GB@PCIe5,CPU+GPU,29200,4241.992801896121,2.0582185776457553,100,A100 40GB,Xeon-6ch,1,16,,PCIe5,CPU embed
16x6-ch DDR5+A100 40GB@NVLink,CPU+GPU,29200,4241.992801896121,1.2668349687568663,100,A100 40GB,Xeon-6ch,1,16,,NVLink,CPU embed
1x6-ch DDR5+A100 80GB@PCIe4,CPU+GPU,16480,276.3832658569501,16.764602666666665,100,A100 80GB,Xeon-6ch,1,1,,PCIe4,CPU embed
1x6-ch DDR5+A100 80GB@PCIe5,CPU+GPU,16480,276.3832658569501,15.912634666666664,100,A100 80GB,Xeon-6ch,1,1,,PCIe5,CPU embed
1x6-ch DDR5+A100 80GB@NVLink,CPU+GPU,16480,276.3832658569501,15.121251057777776,100,A100 80GB,Xeon-6ch,1,1,,NVLink,CPU embed
2x6-ch DDR5+A100 80GB@PCIe4,CPU+GPU,17400,547.0490775542089,9.432047885133585,100,A100 80GB,Xeon-6ch,1,2,,PCIe4,CPU embed
2x6-ch DDR5+A100 80GB@PCIe5,CPU+GPU,17400,547.0490775542089,8.580079885133586,100,A100 80GB,Xeon-6ch,1,2,,PCIe5,CPU embed
2x6-ch DDR5+A100 80GB@NVLink,CPU+GPU,17400,547.0490775542089,7.788696276244697,100,A100 80GB,Xeon-6ch,1,2,,NVLink,CPU embed
4x6-ch DDR5+A100 80GB@PCIe4,CPU+GPU,19800,1082.781521974643,5.727452592411818,100,A100 80GB,Xeon-6ch,1,4,,PCIe4,CPU embed
4x6-ch DDR5+A100 80GB@PCIe5,CPU+GPU,19800,1082.781521974643,4.8754845924118175,100,A100 80GB,Xeon-6ch,1,4,,PCIe5,CPU embed
4x6-ch DDR5+A100 80GB@NVLink,CPU+GPU,19800,1082.781521974643,4.084100983522928,100,A100 80GB,Xeon-6ch,1,4,,NVLink,CPU embed
8x6-ch DDR5+A100 80GB@PCIe4,CPU+GPU,24600,2143.1638813311883,3.855795756322434,100,A100 80GB,Xeon-6ch,1,8,,PCIe4,CPU embed
8x6-ch DDR5+A100 80GB@PCIe5,CPU+GPU,24600,2143.1638813311883,3.0038277563224343,100,A100 80GB,Xeon-6ch,1,8,,PCIe5,CPU embed
8x6-ch DDR5+A100 80GB@NVLink,CPU+GPU,24600,2143.1638813311883,2.212444147433545,100,A100 80GB,Xeon-6ch,1,8,,NVLink,CPU embed
16x6-ch DDR5+A100 80GB@PCIe4,CPU+GPU,34200,2403.846153846154,2.9101865776457556,100,A100 80GB,Xeon-6ch,1,16,,PCIe4,transfer
16x6-ch DDR5+A100 80GB@PCIe5,CPU+GPU,34200,4241.992801896121,2.0582185776457553,100,A100 80GB,Xeon-6ch,1,16,,PCIe5,CPU embed
16x6-ch DDR5+A100 80GB@NVLink,CPU+GPU,34200,4241.992801896121,1.2668349687568663,100,A100 80GB,Xeon-6ch,1,16,,NVLink,CPU embed
1x8-ch DDR5+RTX 4060@PCIe4,CPU+GPU,3580,423.7876743139901,13.174153391304348,100,RTX 4060,Xeon-8ch,1,1,,PCIe4,CPU embed
1x8-ch DDR5+RTX 4060@PCIe5,CPU+GPU,3580,423.7876743139901,12.322185391304346,100,RTX 4060,Xeon-8ch,1,1,,PCIe5,CPU embed
1x8-ch DDR5+RTX 4060@NVLink,CPU+GPU,3580,423.7876743139901,11.530801782415459,100,RTX 4060,Xeon-8ch,1,1,,NVLink,CPU embed
2x8-ch DDR5+RTX 4060@PCIe4,CPU+GPU,6300,838.8085855831202,8.392052446826252,100,RTX 4060,Xeon-8ch,1,2,,PCIe4,CPU embed
2x8-ch DDR5+RTX 4060@PCIe5,CPU+GPU,6300,838.8085855831202,7.540084446826253,100,RTX 4060,Xeon-8ch,1,2,,PCIe5,CPU embed
2x8-ch DDR5+RTX 4060@NVLink,CPU+GPU,6300,838.8085855831202,6.748700837937363,100,RTX 4060,Xeon-8ch,1,2,,NVLink,CPU embed
4x8-ch DDR5+RTX 4060@PCIe4,CPU+GPU,12300,1660.2650003611193,5.976012038529447,100,RTX 4060,Xeon-8ch,1,4,,PCIe4,CPU embed
4x8-ch DDR5+RTX 4060@PCIe5,CPU+GPU,12300,1660.2650003611193,5.124044038529446,100,RTX 4060,Xeon-8ch,1,4,,PCIe5,CPU embed
4x8-ch DDR5+RTX 4060@NVLink,CPU+GPU,12300,1660.2650003611193,4.3326604296405575,100,RTX 4060,Xeon-8ch,1,4,,NVLink,CPU embed
8x8-ch DDR5+RTX 4060@PCIe4,CPU+GPU,24300,2269.2520775623266,4.755366275862457,100,RTX 4060,Xeon-8ch,1,8,,PCIe4,GPU MLP
8x8-ch DDR5+RTX 4060@PCIe5,CPU+GPU,24300,2269.2520775623266,3.903398275862457,100,RTX 4060,Xeon-8ch,1,8,,PCIe5,GPU MLP
8x8-ch DDR5+RTX 4060@NVLink,CPU+GPU,24300,2269.2520775623266,3.112014666973568,100,RTX 4060,Xeon-8ch,1,8,,NVLink,GPU MLP
16x8-ch DDR5+RTX 4060@PCIe4,CPU+GPU,48300,2269.2520775623266,4.138664637595058,100,RTX 4060,Xeon-8ch,1,16,,PCIe4,GPU MLP
16x8-ch DDR5+RTX 4060@PCIe5,CPU+GPU,48300,2269.2520775623266,3.286696637595058,100,RTX 4060,Xeon-8ch,1,16,,PCIe5,GPU MLP
16x8-ch DDR5+RTX 4060@NVLink,CPU+GPU,48300,2269.2520775623266,2.4953130287061693,100,RTX 4060,Xeon-8ch,1,16,,NVLink,GPU MLP
1x8-ch DDR5+RTX PRO 4500@PCIe4,CPU+GPU,3980,423.7876743139901,12.319153391304347,100,RTX PRO 4500,Xeon-8ch,1,1,,PCIe4,CPU embed
1x8-ch DDR5+RTX PRO 4500@PCIe5,CPU+GPU,3980,423.7876743139901,11.467185391304346,100,RTX PRO 4500,Xeon-8ch,1,1,,PCIe5,CPU embed
1x8-ch DDR5+RTX PRO 4500@NVLink,CPU+GPU,3980,423.7876743139901,10.675801782415459,100,RTX PRO 4500,Xeon-8ch,1,1,,NVLink,CPU embed
2x8-ch DDR5+RTX PRO 4500@PCIe4,CPU+GPU,6700,838.8085855831202,7.5370524468262525,100,RTX PRO 4500,Xeon-8ch,1,2,,PCIe4,CPU embed
2x8-ch DDR5+RTX PRO 4500@PCIe5,CPU+GPU,6700,838.8085855831202,6.685084446826252,100,RTX PRO 4500,Xeon-8ch,1,2,,PCIe5,CPU embed
2x8-ch DDR5+RTX PRO 4500@NVLink,CPU+GPU,6700,838.8085855831202,5.893700837937363,100,RTX PRO 4500,Xeon-8ch,1,2,,NVLink,CPU embed
4x8-ch DDR5+RTX PRO 4500@PCIe4,CPU+GPU,12700,1660.2650003611193,5.121012038529447,100,RTX PRO 4500,Xeon-8ch,1,4,,PCIe4,CPU embed
4x8-ch DDR5+RTX PRO 4500@PCIe5,CPU+GPU,12700,1660.2650003611193,4.269044038529446,100,RTX PRO 4500,Xeon-8ch,1,4,,PCIe5,CPU embed
4x8-ch DDR5+RTX PRO 4500@NVLink,CPU+GPU,12700,1660.2650003611193,3.4776604296405575,100,RTX PRO 4500,Xeon-8ch,1,4,,NVLink,CPU embed
8x8-ch DDR5+RTX PRO 4500@PCIe4,CPU+GPU,24700,2403.846153846154,3.9003662758624573,100,RTX PRO 4500,Xeon-8ch,1,8,,PCIe4,transfer
8x8-ch DDR5+RTX PRO 4500@PCIe5,CPU+GPU,24700,3286.1846180411558,3.048398275862457,100,RTX PRO 4500,Xeon-8ch,1,8,,PCIe5,CPU embed
8x8-ch DDR5+RTX PRO 4500@NVLink,CPU+GPU,24700,3286.1846180411558,2.257014666973568,100,RTX PRO 4500,Xeon-8ch,1,8,,NVLink,CPU embed
16x8-ch DDR5+RTX PRO 4500@PCIe4,CPU+GPU,48700,2403.846153846154,3.283664637595058,100,RTX PRO 4500,Xeon-8ch,1,16,,PCIe4,transfer
16x8-ch DDR5+RTX PRO 4500@PCIe5,CPU+GPU,48700,4311.578947368421,2.431696637595058,100,RTX PRO 4500,Xeon-8ch,1,16,,PCIe5,GPU MLP
16x8-ch DDR5+RTX PRO 4500@NVLink,CPU+GPU,48700,4311.578947368421,1.640313028706169,100,RTX PRO 4500,Xeon-8ch,1,16,,NVLink,GPU MLP
1x8-ch DDR5+RTX 4090@PCIe4,CPU+GPU,5080,423.7876743139901,11.809397293743372,100,RTX 4090,Xeon-8ch,1,1,,PCIe4,CPU embed
1x8-ch DDR5+RTX 4090@PCIe5,CPU+GPU,5080,423.7876743139901,10.95742929374337,100,RTX 4090,Xeon-8ch,1,1,,PCIe5,CPU embed
1x8-ch DDR5+RTX 4090@NVLink,CPU+GPU,5080,423.7876743139901,10.166045684854483,100,RTX 4090,Xeon-8ch,1,1,,NVLink,CPU embed
2x8-ch DDR5+RTX 4090@PCIe4,CPU+GPU,7800,838.8085855831202,7.027296349265277,100,RTX 4090,Xeon-8ch,1,2,,PCIe4,CPU embed
2x8-ch DDR5+RTX 4090@PCIe5,CPU+GPU,7800,838.8085855831202,6.175328349265277,100,RTX 4090,Xeon-8ch,1,2,,PCIe5,CPU embed
2x8-ch DDR5+RTX 4090@NVLink,CPU+GPU,7800,838.8085855831202,5.383944740376387,100,RTX 4090,Xeon-8ch,1,2,,NVLink,CPU embed
4x8-ch DDR5+RTX 4090@PCIe4,CPU+GPU,13800,1660.2650003611193,4.611255940968471,100,RTX 4090,Xeon-8ch,1,4,,PCIe4,CPU embed
4x8-ch DDR5+RTX 4090@PCIe5,CPU+GPU,13800,1660.2650003611193,3.7592879409684707,100,RTX 4090,Xeon-8ch,1,4,,PCIe5,CPU embed
4x8-ch DDR5+RTX 4090@NVLink,CPU+GPU,13800,1660.2650003611193,2.967904332079582,100,RTX 4090,Xeon-8ch,1,4,,NVLink,CPU embed
8x8-ch DDR5+RTX 4090@PCIe4,CPU+GPU,25800,2403.846153846154,3.3906101783014817,100,RTX 4090,Xeon-8ch,1,8,,PCIe4,transfer
8x8-ch DDR5+RTX 4090@PCIe5,CPU+GPU,25800,3286.1846180411558,2.5386421783014814,100,RTX 4090,Xeon-8ch,1,8,,PCIe5,CPU embed
8x8-ch DDR5+RTX 4090@NVLink,CPU+GPU,25800,3286.1846180411558,1.7472585694125922,100,RTX 4090,Xeon-8ch,1,8,,NVLink,CPU embed
16x8-ch DDR5+RTX 4090@PCIe4,CPU+GPU,49800,2403.846153846154,2.7739085400340824,100,RTX 4090,Xeon-8ch,1,16,,PCIe4,transfer
16x8-ch DDR5+RTX 4090@PCIe5,CPU+GPU,49800,4807.692307692308,1.9219405400340823,100,RTX 4090,Xeon-8ch,1,16,,PCIe5,transfer
16x8-ch DDR5+RTX 4090@NVLink,CPU+GPU,49800,6504.388962907387,1.1305569311451933,100,RTX 4090,Xeon-8ch,1,16,,NVLink,CPU embed
1x8-ch DDR5+RTX 5090@PCIe4,CPU+GPU,5780,423.7876743139901,11.712962915113872,100,RTX 5090,Xeon-8ch,1,1,,PCIe4,CPU embed
1x8-ch DDR5+RTX 5090@PCIe5,CPU+GPU,5780,423.7876743139901,10.86099491511387,100,RTX 5090,Xeon-8ch,1,1,,PCIe5,CPU embed
1x8-ch DDR5+RTX 5090@NVLink,CPU+GPU,5780,423.7876743139901,10.069611306224983,100,RTX 5090,Xeon-8ch,1,1,,NVLink,CPU embed
2x8-ch DDR5+RTX 5090@PCIe4,CPU+GPU,8500,838.8085855831202,6.930861970635776,100,RTX 5090,Xeon-8ch,1,2,,PCIe4,CPU embed
2x8-ch DDR5+RTX 5090@PCIe5,CPU+GPU,8500,838.8085855831202,6.078893970635776,100,RTX 5090,Xeon-8ch,1,2,,PCIe5,CPU embed
2x8-ch DDR5+RTX 5090@NVLink,CPU+GPU,8500,838.8085855831202,5.287510361746887,100,RTX 5090,Xeon-8ch,1,2,,NVLink,CPU embed
4x8-ch DDR5+RTX 5090@PCIe4,CPU+GPU,14500,1660.2650003611193,4.5148215623389705,100,RTX 5090,Xeon-8ch,1,4,,PCIe4,CPU embed
4x8-ch DDR5+RTX 5090@PCIe5,CPU+GPU,14500,1660.2650003611193,3.66285356233897,100,RTX 5090,Xeon-8ch,1,4,,PCIe5,CPU embed
4x8-ch DDR5+RTX 5090@NVLink,CPU+GPU,14500,1660.2650003611193,2.8714699534500814,100,RTX 5090,Xeon-8ch,1,4,,NVLink,CPU embed
8x8-ch DDR5+RTX 5090@PCIe4,CPU+GPU,26500,2403.846153846154,3.294175799671981,100,RTX 5090,Xeon-8ch,1,8,,PCIe4,transfer
8x8-ch DDR5+RTX 5090@PCIe5,CPU+GPU,26500,3286.1846180411558,2.442207799671981,100,RTX 5090,Xeon-8ch,1,8,,PCIe5,CPU embed
8x8-ch DDR5+RTX 5090@NVLink,CPU+GPU,26500,3286.1846180411558,1.6508241907830916,100,RTX 5090,Xeon-8ch,1,8,,NVLink,CPU embed
16x8-ch DDR5+RTX 5090@PCIe4,CPU+GPU,50500,2403.846153846154,2.677474161404582,100,RTX 5090,Xeon-8ch,1,16,,PCIe4,transfer
16x8-ch DDR5+RTX 5090@PCIe5,CPU+GPU,50500,4807.692307692308,1.8255061614045818,100,RTX 5090,Xeon-8ch,1,16,,PCIe5,transfer
16x8-ch DDR5+RTX 5090@NVLink,CPU+GPU,50500,6504.388962907387,1.0341225525156927,100,RTX 5090,Xeon-8ch,1,16,,NVLink,CPU embed
1x8-ch DDR5+A100 40GB@PCIe4,CPU+GPU,13280,423.7876743139901,11.609820057971014,100,A100 40GB,Xeon-8ch,1,1,,PCIe4,CPU embed
1x8-ch DDR5+A100 40GB@PCIe5,CPU+GPU,13280,423.7876743139901,10.757852057971013,100,A100 40GB,Xeon-8ch,1,1,,PCIe5,CPU embed
1x8-ch DDR5+A100 40GB@NVLink,CPU+GPU,13280,423.7876743139901,9.966468449082125,100,A100 40GB,Xeon-8ch,1,1,,NVLink,CPU embed
2x8-ch DDR5+A100 40GB@PCIe4,CPU+GPU,16000,838.8085855831202,6.827719113492919,100,A100 40GB,Xeon-8ch,1,2,,PCIe4,CPU embed
2x8-ch DDR5+A100 40GB@PCIe5,CPU+GPU,16000,838.8085855831202,5.975751113492919,100,A100 40GB,Xeon-8ch,1,2,,PCIe5,CPU embed
2x8-ch DDR5+A100 40GB@NVLink,CPU+GPU,16000,838.8085855831202,5.18436750460403,100,A100 40GB,Xeon-8ch,1,2,,NVLink,CPU embed
4x8-ch DDR5+A100 40GB@PCIe4,CPU+GPU,22000,1660.2650003611193,4.411678705196113,100,A100 40GB,Xeon-8ch,1,4,,PCIe4,CPU embed
4x8-ch DDR5+A100 40GB@PCIe5,CPU+GPU,22000,1660.2650003611193,3.559710705196113,100,A100 40GB,Xeon-8ch,1,4,,PCIe5,CPU embed
4x8-ch DDR5+A100 40GB@NVLink,CPU+GPU,22000,1660.2650003611193,2.768327096307224,100,A100 40GB,Xeon-8ch,1,4,,NVLink,CPU embed
8x8-ch DDR5+A100 40GB@PCIe4,CPU+GPU,34000,2403.846153846154,3.191032942529124,100,A100 40GB,Xeon-8ch,1,8,,PCIe4,transfer
8x8-ch DDR5+A100 40GB@PCIe5,CPU+GPU,34000,3286.1846180411558,2.3390649425291237,100,A100 40GB,Xeon-8ch,1,8,,PCIe5,CPU embed
8x8-ch DDR5+A100 40GB@NVLink,CPU+GPU,34000,3286.1846180411558,1.5476813336402344,100,A100 40GB,Xeon-8ch,1,8,,NVLink,CPU embed
16x8-ch DDR5+A100 40GB@PCIe4,CPU+GPU,58000,2403.846153846154,2.5743313042617246,100,A100 40GB,Xeon-8ch,1,16,,PCIe4,transfer
16x8-ch DDR5+A100 40GB@PCIe5,CPU+GPU,58000,4807.692307692308,1.7223633042617246,100,A100 40GB,Xeon-8ch,1,16,,PCIe5,transfer
16x8-ch DDR5+A100 40GB@NVLink,CPU+GPU,58000,6504.388962907387,0.9309796953728356,100,A100 40GB,Xeon-8ch,1,16,,NVLink,CPU embed
1x8-ch DDR5+A100 80GB@PCIe4,CPU+GPU,18280,423.7876743139901,11.609820057971014,100,A100 80GB,Xeon-8ch,1,1,,PCIe4,CPU embed
1x8-ch DDR5+A100 80GB@PCIe5,CPU+GPU,18280,423.7876743139901,10.757852057971013,100,A100 80GB,Xeon-8ch,1,1,,PCIe5,CPU embed
1x8-ch DDR5+A100 80GB@NVLink,CPU+GPU,18280,423.7876743139901,9.966468449082125,100,A100 80GB,Xeon-8ch,1,1,,NVLink,CPU embed
2x8-ch DDR5+A100 80GB@PCIe4,CPU+GPU,21000,838.8085855831202,6.827719113492919,100,A100 80GB,Xeon-8ch,1,2,,PCIe4,CPU embed
2x8-ch DDR5+A100 80GB@PCIe5,CPU+GPU,21000,838.8085855831202,5.975751113492919,100,A100 80GB,Xeon-8ch,1,2,,PCIe5,CPU embed
2x8-ch DDR5+A100 80GB@NVLink,CPU+GPU,21000,838.8085855831202,5.18436750460403,100,A100 80GB,Xeon-8ch,1,2,,NVLink,CPU embed
4x8-ch DDR5+A100 80GB@PCIe4,CPU+GPU,27000,1660.2650003611193,4.411678705196113,100,A100 80GB,Xeon-8ch,1,4,,PCIe4,CPU embed
4x8-ch DDR5+A100 80GB@PCIe5,CPU+GPU,27000,1660.2650003611193,3.559710705196113,100,A100 80GB,Xeon-8ch,1,4,,PCIe5,CPU embed
4x8-ch DDR5+A100 80GB@NVLink,CPU+GPU,27000,1660.2650003611193,2.768327096307224,100,A100 80GB,Xeon-8ch,1,4,,NVLink,CPU embed
8x8-ch DDR5+A100 80GB@PCIe4,CPU+GPU,39000,2403.846153846154,3.191032942529124,100,A100 80GB,Xeon-8ch,1,8,,PCIe4,transfer
8x8-ch DDR5+A100 80GB@PCIe5,CPU+GPU,39000,3286.1846180411558,2.3390649425291237,100,A100 80GB,Xeon-8ch,1,8,,PCIe5,CPU embed
8x8-ch DDR5+A100 80GB@NVLink,CPU+GPU,39000,3286.1846180411558,1.5476813336402344,100,A100 80GB,Xeon-8ch,1,8,,NVLink,CPU embed
16x8-ch DDR5+A100 80GB@PCIe4,CPU+GPU,63000,2403.846153846154,2.5743313042617246,100,A100 80GB,Xeon-8ch,1,16,,PCIe4,transfer
16x8-ch DDR5+A100 80GB@PCIe5,CPU+GPU,63000,4807.692307692308,1.7223633042617246,100,A100 80GB,Xeon-8ch,1,16,,PCIe5,transfer
16x8-ch DDR5+A100 80GB@NVLink,CPU+GPU,63000,6504.388962907387,0.9309796953728356,100,A100 80GB,Xeon-8ch,1,16,,NVLink,CPU embed
1x12-ch DDR5+RTX 4060@PCIe4,CPU+GPU,5580,644.8942869995502,9.86036457142857,100,RTX 4060,EPYC-12ch,1,1,,PCIe4,CPU embed
1x12-ch DDR5+RTX 4060@PCIe5,CPU+GPU,5580,644.8942869995502,9.008396571428571,100,RTX 4060,EPYC-12ch,1,1,,PCIe5,CPU embed
1x12-ch DDR5+RTX 4060@NVLink,CPU+GPU,5580,644.8942869995502,8.217012962539682,100,RTX 4060,EPYC-12ch,1,1,,NVLink,CPU embed
2x12-ch DDR5+RTX 4060@PCIe4,CPU+GPU,10300,1276.4478476264871,6.71784109362868,100,RTX 4060,EPYC-12ch,1,2,,PCIe4,CPU embed
2x12-ch DDR5+RTX 4060@PCIe5,CPU+GPU,10300,1276.4478476264871,5.8658730936286805,100,RTX 4060,EPYC-12ch,1,2,,PCIe5,CPU embed
2x12-ch DDR5+RTX 4060@NVLink,CPU+GPU,10300,1276.4478476264871,5.074489484739791,100,RTX 4060,EPYC-12ch,1,2,,NVLink,CPU embed
4x12-ch DDR5+RTX 4060@PCIe4,CPU+GPU,20300,2269.2520775623266,5.130157396747922,100,RTX 4060,EPYC-12ch,1,4,,PCIe4,GPU MLP
4x12-ch DDR5+RTX 4060@PCIe5,CPU+GPU,20300,2269.2520775623266,4.278189396747922,100,RTX 4060,EPYC-12ch,1,4,,PCIe5,GPU MLP
4x12-ch DDR5+RTX 4060@NVLink,CPU+GPU,20300,2269.2520775623266,3.4868057878590326,100,RTX 4060,EPYC-12ch,1,4,,NVLink,GPU MLP
8x12-ch DDR5+RTX 4060@PCIe4,CPU+GPU,40300,2269.2520775623266,4.328018752709615,100,RTX 4060,EPYC-12ch,1,8,,PCIe4,GPU MLP
8x12-ch DDR5+RTX 4060@PCIe5,CPU+GPU,40300,2269.2520775623266,3.4760507527096145,100,RTX 4060,EPYC-12ch,1,8,,PCIe5,GPU MLP
8x12-ch DDR5+RTX 4060@NVLink,CPU+GPU,40300,2269.2520775623266,2.6846671438207257,100,RTX 4060,EPYC-12ch,1,8,,NVLink,GPU MLP
16x12-ch DDR5+RTX 4060@PCIe4,CPU+GPU,80300,2269.2520775623266,3.9227576761338954,100,RTX 4060,EPYC-12ch,1,16,,PCIe4,GPU MLP
16x12-ch DDR5+RTX 4060@PCIe5,CPU+GPU,80300,2269.2520775623266,3.070789676133895,100,RTX 4060,EPYC-12ch,1,16,,PCIe5,GPU MLP
16x12-ch DDR5+RTX 4060@NVLink,CPU+GPU,80300,2269.2520775623266,2.2794060672450063,100,RTX 4060,EPYC-12ch,1,16,,NVLink,GPU MLP
1x12-ch DDR5+RTX PRO 4500@PCIe4,CPU+GPU,5980,644.8942869995502,9.00536457142857,100,RTX PRO 4500,EPYC-12ch,1,1,,PCIe4,CPU embed
1x12-ch DDR5+RTX PRO 4500@PCIe5,CPU+GPU,5980,644.8942869995502,8.153396571428571,100,RTX PRO 4500,EPYC-12ch,1,1,,PCIe5,CPU embed
1x12-ch DDR5+RTX PRO 4500@NVLink,CPU+GPU,5980,644.8942869995502,7.362012962539682,100,RTX PRO 4500,EPYC-12ch,1,1,,NVLink,CPU embed
2x12-ch DDR5+RTX PRO 4500@PCIe4,CPU+GPU,10700,1276.4478476264871,5.86284109362868,100,RTX PRO 4500,EPYC-12ch,1,2,,PCIe4,CPU embed
2x12-ch DDR5+RTX PRO 4500@PCIe5,CPU+GPU,10700,1276.4478476264871,5.01087309362868,100,RTX PRO 4500,EPYC-12ch,1,2,,PCIe5,CPU embed
2x12-ch DDR5+RTX PRO 4500@NVLink,CPU+GPU,10700,1276.4478476264871,4.219489484739791,100,RTX PRO 4500,EPYC-12ch,1,2,,NVLink,CPU embed
4x12-ch DDR5+RTX PRO 4500@PCIe4,CPU+GPU,20700,2403.846153846154,4.275157396747922,100,RTX PRO 4500,EPYC-12ch,1,4,,PCIe4,transfer
4x12-ch DDR5+RTX PRO 4500@PCIe5,CPU+GPU,20700,2526.490217940834,3.423189396747922,100,RTX PRO 4500,EPYC-12ch,1,4,,PCIe5,CPU embed
4x12-ch DDR5+RTX PRO 4500@NVLink,CPU+GPU,20700,2526.490217940834,2.6318057878590326,100,RTX PRO 4500,EPYC-12ch,1,4,,NVLink,CPU embed
8x12-ch DDR5+RTX PRO 4500@PCIe4,CPU+GPU,40700,2403.846153846154,3.473018752709615,100,RTX PRO 4500,EPYC-12ch,1,8,,PCIe4,transfer
8x12-ch DDR5+RTX PRO 4500@PCIe5,CPU+GPU,40700,4311.578947368421,2.6210507527096145,100,RTX PRO 4500,EPYC-12ch,1,8,,PCIe5,GPU MLP
8x12-ch DDR5+RTX PRO 4500@NVLink,CPU+GPU,40700,4311.578947368421,1.8296671438207257,100,RTX PRO 4500,EPYC-12ch,1,8,,NVLink,GPU MLP
16x12-ch DDR5+RTX PRO 4500@PCIe4,CPU+GPU,80700,2403.846153846154,3.0677576761338954,100,RTX PRO 4500,EPYC-12ch,1,16,,PCIe4,transfer
16x12-ch DDR5+RTX PRO 4500@PCIe5,CPU+GPU,80700,4311.578947368421,2.215789676133895,100,RTX PRO 4500,EPYC-12ch,1,16,,PCIe5,GPU MLP
16x12-ch DDR5+RTX PRO 4500@NVLink,CPU+GPU,80700,4311.578947368421,1.4244060672450063,100,RTX PRO 4500,EPYC-12ch,1,16,,NVLink,GPU MLP
1x12-ch DDR5+RTX 4090@PCIe4,CPU+GPU,7080,644.8942869995502,8.495608473867595,100,RTX 4090,EPYC-12ch,1,1,,PCIe4,CPU embed
1x12-ch DDR5+RTX 4090@PCIe5,CPU+GPU,7080,644.8942869995502,7.643640473867595,100,RTX 4090,EPYC-12ch,1,1,,PCIe5,CPU embed
1x12-ch DDR5+RTX 4090@NVLink,CPU+GPU,7080,644.8942869995502,6.852256864978706,100,RTX 4090,EPYC-12ch,1,1,,NVLink,CPU embed
2x12-ch DDR5+RTX 4090@PCIe4,CPU+GPU,11800,1276.4478476264871,5.353084996067705,100,RTX 4090,EPYC-12ch,1,2,,PCIe4,CPU embed
2x12-ch DDR5+RTX 4090@PCIe5,CPU+GPU,11800,1276.4478476264871,4.501116996067704,100,RTX 4090,EPYC-12ch,1,2,,PCIe5,CPU embed
2x12-ch DDR5+RTX 4090@NVLink,CPU+GPU,11800,1276.4478476264871,3.709733387178815,100,RTX 4090,EPYC-12ch,1,2,,NVLink,CPU embed
4x12-ch DDR5+RTX 4090@PCIe4,CPU+GPU,21800,2403.846153846154,3.765401299186946,100,RTX 4090,EPYC-12ch,1,4,,PCIe4,transfer
4x12-ch DDR5+RTX 4090@PCIe5,CPU+GPU,21800,2526.490217940834,2.9134332991869463,100,RTX 4090,EPYC-12ch,1,4,,PCIe5,CPU embed
4x12-ch DDR5+RTX 4090@NVLink,CPU+GPU,21800,2526.490217940834,2.122049690298057,100,RTX 4090,EPYC-12ch,1,4,,NVLink,CPU embed
8x12-ch DDR5+RTX 4090@PCIe4,CPU+GPU,41800,2403.846153846154,2.963262655148639,100,RTX 4090,EPYC-12ch,1,8,,PCIe4,transfer
8x12-ch DDR5+RTX 4090@PCIe5,CPU+GPU,41800,4807.692307692308,2.111294655148639,100,RTX 4090,EPYC-12ch,1,8,,PCIe5,transfer
8x12-ch DDR5+RTX 4090@NVLink,CPU+GPU,41800,5000.715723106106,1.31991104625975,100,RTX 4090,EPYC-12ch,1,8,,NVLink,CPU embed
16x12-ch DDR5+RTX 4090@PCIe4,CPU+GPU,81800,2403.846153846154,2.5580015785729198,100,RTX 4090,EPYC-12ch,1,16,,PCIe4,transfer
16x12-ch DDR5+RTX 4090@PCIe5,CPU+GPU,81800,4807.692307692308,1.7060335785729195,100,RTX 4090,EPYC-12ch,1,16,,PCIe5,transfer
16x12-ch DDR5+RTX 4090@NVLink,CPU+GPU,81800,9303.93351800554,0.9146499696840307,100,RTX 4090,EPYC-12ch,1,16,,NVLink,GPU MLP
1x12-ch DDR5+RTX 5090@PCIe4,CPU+GPU,7780,644.8942869995502,8.399174095238095,100,RTX 5090,EPYC-12ch,1,1,,PCIe4,CPU embed
1x12-ch DDR5+RTX 5090@PCIe5,CPU+GPU,7780,644.8942869995502,7.547206095238095,100,RTX 5090,EPYC-12ch,1,1,,PCIe5,CPU embed
1x12-ch DDR5+RTX 5090@NVLink,CPU+GPU,7780,644.8942869995502,6.755822486349206,100,RTX 5090,EPYC-12ch,1,1,,NVLink,CPU embed
2x12-ch DDR5+RTX 5090@PCIe4,CPU+GPU,12500,1276.4478476264871,5.256650617438204,100,RTX 5090,EPYC-12ch,1,2,,PCIe4,CPU embed
2x12-ch DDR5+RTX 5090@PCIe5,CPU+GPU,12500,1276.4478476264871,4.404682617438204,100,RTX 5090,EPYC-12ch,1,2,,PCIe5,CPU embed
2x12-ch DDR5+RTX 5090@NVLink,CPU+GPU,12500,1276.4478476264871,3.6132990085493146,100,RTX 5090,EPYC-12ch,1,2,,NVLink,CPU embed
4x12-ch DDR5+RTX 5090@PCIe4,CPU+GPU,22500,2403.846153846154,3.6689669205574456,100,RTX 5090,EPYC-12ch,1,4,,PCIe4,transfer
4x12-ch DDR5+RTX 5090@PCIe5,CPU+GPU,22500,2526.490217940834,2.8169989205574457,100,RTX 5090,EPYC-12ch,1,4,,PCIe5,CPU embed
4x12-ch DDR5+RTX 5090@NVLink,CPU+GPU,22500,2526.490217940834,2.0256153116685565,100,RTX 5090,EPYC-12ch,1,4,,NVLink,CPU embed
8x12-ch DDR5+RTX 5090@PCIe4,CPU+GPU,42500,2403.846153846154,2.8668282765191386,100,RTX 5090,EPYC-12ch,1,8,,PCIe4,transfer
8x12-ch DDR5+RTX 5090@PCIe5,CPU+GPU,42500,4807.692307692308,2.0148602765191383,100,RTX 5090,EPYC-12ch,1,8,,PCIe5,transfer
8x12-ch DDR5+RTX 5090@NVLink,CPU+GPU,42500,5000.715723106106,1.2234766676302495,100,RTX 5090,EPYC-12ch,1,8,,NVLink,CPU embed
16x12-ch DDR5+RTX 5090@PCIe4,CPU+GPU,82500,2403.846153846154,2.461567199943419,100,RTX 5090,EPYC-12ch,1,16,,PCIe4,transfer
16x12-ch DDR5+RTX 5090@PCIe5,CPU+GPU,82500,4807.692307692308,1.609599199943419,100,RTX 5090,EPYC-12ch,1,16,,PCIe5,transfer
16x12-ch DDR5+RTX 5090@NVLink,CPU+GPU,82500,9897.983204424287,0.8182155910545301,100,RTX 5090,EPYC-12ch,1,16,,NVLink,CPU embed
1x12-ch DDR5+A100 40GB@PCIe4,CPU+GPU,15280,644.8942869995502,8.296031238095237,100,A100 40GB,EPYC-12ch,1,1,,PCIe4,CPU embed
1x12-ch DDR5+A100 40GB@PCIe5,CPU+GPU,15280,644.8942869995502,7.444063238095238,100,A100 40GB,EPYC-12ch,1,1,,PCIe5,CPU embed
1x12-ch DDR5+A100 40GB@NVLink,CPU+GPU,15280,644.8942869995502,6.652679629206348,100,A100 40GB,EPYC-12ch,1,1,,NVLink,CPU embed
2x12-ch DDR5+A100 40GB@PCIe4,CPU+GPU,20000,1276.4478476264871,5.153507760295347,100,A100 40GB,EPYC-12ch,1,2,,PCIe4,CPU embed
2x12-ch DDR5+A100 40GB@PCIe5,CPU+GPU,20000,1276.4478476264871,4.301539760295347,100,A100 40GB,EPYC-12ch,1,2,,PCIe5,CPU embed
2x12-ch DDR5+A100 40GB@NVLink,CPU+GPU,20000,1276.4478476264871,3.5101561514064574,100,A100 40GB,EPYC-12ch,1,2,,NVLink,CPU embed
4x12-ch DDR5+A100 40GB@PCIe4,CPU+GPU,30000,2403.846153846154,3.5658240634145884,100,A100 40GB,EPYC-12ch,1,4,,PCIe4,transfer
4x12-ch DDR5+A100 40GB@PCIe5,CPU+GPU,30000,2526.490217940834,2.7138560634145885,100,A100 40GB,EPYC-12ch,1,4,,PCIe5,CPU embed
4x12-ch DDR5+A100 40GB@NVLink,CPU+GPU,30000,2526.490217940834,1.9224724545256993,100,A100 40GB,EPYC-12ch,1,4,,NVLink,CPU embed
8x12-ch DDR5+A100 40GB@PCIe4,CPU+GPU,50000,2403.846153846154,2.7636854193762814,100,A100 40GB,EPYC-12ch,1,8,,PCIe4,transfer
8x12-ch DDR5+A100 40GB@PCIe5,CPU+GPU,50000,4807.692307692308,1.9117174193762811,100,A100 40GB,EPYC-12ch,1,8,,PCIe5,transfer
8x12-ch DDR5+A100 40GB@NVLink,CPU+GPU,50000,5000.715723106106,1.1203338104873923,100,A100 40GB,EPYC-12ch,1,8,,NVLink,CPU embed
16x12-ch DDR5+A100 40GB@PCIe4,CPU+GPU,90000,2403.846153846154,2.358424342800562,100,A100 40GB,EPYC-12ch,1,16,,PCIe4,transfer
16x12-ch DDR5+A100 40GB@PCIe5,CPU+GPU,90000,4807.692307692308,1.5064563428005617,100,A100 40GB,EPYC-12ch,1,16,,PCIe5,transfer
16x12-ch DDR5+A100 40GB@NVLink,CPU+GPU,90000,9897.983204424287,0.7150727339116729,100,A100 40GB,EPYC-12ch,1,16,,NVLink,CPU embed
1x12-ch DDR5+A100 80GB@PCIe4,CPU+GPU,20280,644.8942869995502,8.296031238095237,100,A100 80GB,EPYC-12ch,1,1,,PCIe4,CPU embed
1x12-ch DDR5+A100 80GB@PCIe5,CPU+GPU,20280,644.8942869995502,7.444063238095238,100,A100 80GB,EPYC-12ch,1,1,,PCIe5,CPU embed
1x12-ch DDR5+A100 80GB@NVLink,CPU+GPU,20280,644.8942869995502,6.652679629206348,100,A100 80GB,EPYC-12ch,1,1,,NVLink,CPU embed
2x12-ch DDR5+A100 80GB@PCIe4,CPU+GPU,25000,1276.4478476264871,5.153507760295347,100,A100 80GB,EPYC-12ch,1,2,,PCIe4,CPU embed
2x12-ch DDR5+A100 80GB@PCIe5,CPU+GPU,25000,1276.4478476264871,4.301539760295347,100,A100 80GB,EPYC-12ch,1,2,,PCIe5,CPU embed
2x12-ch DDR5+A100 80GB@NVLink,CPU+GPU,25000,1276.4478476264871,3.5101561514064574,100,A100 80GB,EPYC-12ch,1,2,,NVLink,CPU embed
4x12-ch DDR5+A100 80GB@PCIe4,CPU+GPU,35000,2403.846153846154,3.5658240634145884,100,A100 80GB,EPYC-12ch,1,4,,PCIe4,transfer
4x12-ch DDR5+A100 80GB@PCIe5,CPU+GPU,35000,2526.490217940834,2.7138560634145885,100,A100 80GB,EPYC-12ch,1,4,,PCIe5,CPU embed
4x12-ch DDR5+A100 80GB@NVLink,CPU+GPU,35000,2526.490217940834,1.9224724545256993,100,A100 80GB,EPYC-12ch,1,4,,NVLink,CPU embed
8x12-ch DDR5+A100 80GB@PCIe4,CPU+GPU,55000,2403.846153846154,2.7636854193762814,100,A100 80GB,EPYC-12ch,1,8,,PCIe4,transfer
8x12-ch DDR5+A100 80GB@PCIe5,CPU+GPU,55000,4807.692307692308,1.9117174193762811,100,A100 80GB,EPYC-12ch,1,8,,PCIe5,transfer
8x12-ch DDR5+A100 80GB@NVLink,CPU+GPU,55000,5000.715723106106,1.1203338104873923,100,A100 80GB,EPYC-12ch,1,8,,NVLink,CPU embed
16x12-ch DDR5+A100 80GB@PCIe4,CPU+GPU,95000,2403.846153846154,2.358424342800562,100,A100 80GB,EPYC-12ch,1,16,,PCIe4,transfer
16x12-ch DDR5+A100 80GB@PCIe5,CPU+GPU,95000,4807.692307692308,1.5064563428005617,100,A100 80GB,EPYC-12ch,1,16,,PCIe5,transfer
16x12-ch DDR5+A100 80GB@NVLink,CPU+GPU,95000,9897.983204424287,0.7150727339116729,100,A100 80GB,EPYC-12ch,1,16,,NVLink,CPU embed
1x4-ch DDR5+RTX 4060+U280@PCIe4,CPU+GPU+CGRA,4380,153.69980506822614,30.027214649350643,100,RTX 4060,Xeon-4ch,1,1,U280,PCIe4,embed
1x4-ch DDR5+RTX 4060+U280@PCIe5,CPU+GPU+CGRA,4380,153.69980506822614,29.240782649350646,100,RTX 4060,Xeon-4ch,1,1,U280,PCIe5,embed
1x4-ch DDR5+RTX 4060+U280@NVLink,CPU+GPU+CGRA,4380,153.69980506822614,28.510274702683976,100,RTX 4060,Xeon-4ch,1,1,U280,NVLink,embed
2x4-ch DDR5+RTX 4060+U280@PCIe4,CPU+GPU+CGRA,4900,304.22007035097954,16.84180145578467,100,RTX 4060,Xeon-4ch,1,2,U280,PCIe4,embed
2x4-ch DDR5+RTX 4060+U280@PCIe5,CPU+GPU+CGRA,4900,304.22007035097954,16.055369455784668,100,RTX 4060,Xeon-4ch,1,2,U280,PCIe5,embed
2x4-ch DDR5+RTX 4060+U280@NVLink,CPU+GPU+CGRA,4900,304.22007035097954,15.324861509118001,100,RTX 4060,Xeon-4ch,1,2,U280,NVLink,embed
4x4-ch DDR5+RTX 4060+U280@PCIe4,CPU+GPU+CGRA,6500,602.1468352758988,10.180191538802468,100,RTX 4060,Xeon-4ch,1,4,U280,PCIe4,embed
4x4-ch DDR5+RTX 4060+U280@PCIe5,CPU+GPU+CGRA,6500,602.1468352758988,9.393759538802469,100,RTX 4060,Xeon-4ch,1,4,U280,PCIe5,embed
4x4-ch DDR5+RTX 4060+U280@NVLink,CPU+GPU+CGRA,6500,602.1468352758988,8.663251592135802,100,RTX 4060,Xeon-4ch,1,4,U280,NVLink,embed
1x4-ch DDR5+RTX 4060+Versal HBM@PCIe4,CPU+GPU+CGRA,6380,204.9330734243015,22.971660987012985,100,RTX 4060,Xeon-4ch,1,1,Versal HBM,PCIe4,embed
1x4-ch DDR5+RTX 4060+Versal HBM@PCIe5,CPU+GPU+CGRA,6380,204.9330734243015,22.381836987012985,100,RTX 4060,Xeon-4ch,1,1,Versal HBM,PCIe5,embed
1x4-ch DDR5+RTX 4060+Versal HBM@NVLink,CPU+GPU+CGRA,6380,204.9330734243015,21.833956027012984,100,RTX 4060,Xeon-4ch,1,1,Versal HBM,NVLink,embed
2x4-ch DDR5+RTX 4060+Versal HBM@PCIe4,CPU+GPU+CGRA,6900,405.6267604679726,13.082601091838503,100,RTX 4060,Xeon-4ch,1,2,Versal HBM,PCIe4,embed
2x4-ch DDR5+RTX 4060+Versal HBM@PCIe5,CPU+GPU+CGRA,6900,405.6267604679726,12.492777091838503,100,RTX 4060,Xeon-4ch,1,2,Versal HBM,PCIe5,embed
2x4-ch DDR5+RTX 4060+Versal HBM@NVLink,CPU+GPU+CGRA,6900,405.6267604679726,11.944896131838503,100,RTX 4060,Xeon-4ch,1,2,Versal HBM,NVLink,embed
4x4-ch DDR5+RTX 4060+Versal HBM@PCIe4,CPU+GPU+CGRA,8500,801.9672004813057,8.0920888,100,RTX 4060,Xeon-4ch,1,4,Versal HBM,PCIe4,embed
4x4-ch DDR5+RTX 4060+Versal HBM@PCIe5,CPU+GPU+CGRA,8500,801.9672004813057,7.502264800000001,100,RTX 4060,Xeon-4ch,1,4,Versal HBM,PCIe5,embed
4x4-ch DDR5+RTX 4060+Versal HBM@NVLink,CPU+GPU+CGRA,8500,801.9672004813057,6.95438384,100,RTX 4060,Xeon-4ch,1,4,Versal HBM,NVLink,embed
1x4-ch DDR5+RTX 4060+Versal Premium@PCIe4,CPU+GPU+CGRA,9380,368.87953216374274,15.006048103896102,100,RTX 4060,Xeon-4ch,1,1,Versal Premium,PCIe4,embed
1x4-ch DDR5+RTX 4060+Versal Premium@PCIe5,CPU+GPU+CGRA,9380,368.87953216374274,13.957472103896103,100,RTX 4060,Xeon-4ch,1,1,Versal Premium,PCIe5,embed
1x4-ch DDR5+RTX 4060+Versal Premium@NVLink,CPU+GPU+CGRA,9380,368.87953216374274,12.983461508340547,100,RTX 4060,Xeon-4ch,1,1,Versal Premium,NVLink,embed
2x4-ch DDR5+RTX 4060+Versal Premium@PCIe4,CPU+GPU+CGRA,9900,730.1281688423508,9.51212593991028,100,RTX 4060,Xeon-4ch,1,2,Versal Premium,PCIe4,embed
2x4-ch DDR5+RTX 4060+Versal Premium@PCIe5,CPU+GPU+CGRA,9900,730.1281688423508,8.46354993991028,100,RTX 4060,Xeon-4ch,1,2,Versal Premium,PCIe5,embed
2x4-ch DDR5+RTX 4060+Versal Premium@NVLink,CPU+GPU+CGRA,9900,730.1281688423508,7.489539344354725,100,RTX 4060,Xeon-4ch,1,2,Versal Premium,NVLink,embed
4x4-ch DDR5+RTX 4060+Versal Premium@PCIe4,CPU+GPU+CGRA,11500,1015.7091723101016,7.4105144,100,RTX 4060,Xeon-4ch,1,4,Versal Premium,PCIe4,embed
4x4-ch DDR5+RTX 4060+Versal Premium@PCIe5,CPU+GPU+CGRA,11500,1015.7091723101016,6.624082399999999,100,RTX 4060,Xeon-4ch,1,4,Versal Premium,PCIe5,embed
4x4-ch DDR5+RTX 4060+Versal Premium@NVLink,CPU+GPU+CGRA,11500,1015.7091723101016,5.893574453333333,100,RTX 4060,Xeon-4ch,1,4,Versal Premium,NVLink,embed
1x4-ch DDR5+RTX PRO 4500+U280@PCIe4,CPU+GPU+CGRA,4780,153.69980506822614,29.172214649350643,100,RTX PRO 4500,Xeon-4ch,1,1,U280,PCIe4,embed
1x4-ch DDR5+RTX PRO 4500+U280@PCIe5,CPU+GPU+CGRA,4780,153.69980506822614,28.385782649350645,100,RTX PRO 4500,Xeon-4ch,1,1,U280,PCIe5,embed
1x4-ch DDR5+RTX PRO 4500+U280@NVLink,CPU+GPU+CGRA,4780,153.69980506822614,27.655274702683975,100,RTX PRO 4500,Xeon-4ch,1,1,U280,NVLink,embed
2x4-ch DDR5+RTX PRO 4500+U280@PCIe4,CPU+GPU+CGRA,5300,304.22007035097954,15.986801455784668,100,RTX PRO 4500,Xeon-4ch,1,2,U280,PCIe4,embed
2x4-ch DDR5+RTX PRO 4500+U280@PCIe5,CPU+GPU+CGRA,5300,304.22007035097954,15.200369455784667,100,RTX PRO 4500,Xeon-4ch,1,2,U280,PCIe5,embed
2x4-ch DDR5+RTX PRO 4500+U280@NVLink,CPU+GPU+CGRA,5300,304.22007035097954,14.469861509118001,100,RTX PRO 4500,Xeon-4ch,1,2,U280,NVLink,embed
4x4-ch DDR5+RTX PRO 4500+U280@PCIe4,CPU+GPU+CGRA,6900,602.1468352758988,9.325191538802468,100,RTX PRO 4500,Xeon-4ch,1,4,U280,PCIe4,embed
4x4-ch DDR5+RTX PRO 4500+U280@PCIe5,CPU+GPU+CGRA,6900,602.1468352758988,8.538759538802468,100,RTX PRO 4500,Xeon-4ch,1,4,U280,PCIe5,embed
4x4-ch DDR5+RTX PRO 4500+U280@NVLink,CPU+GPU+CGRA,6900,602.1468352758988,7.808251592135802,100,RTX PRO 4500,Xeon-4ch,1,4,U280,NVLink,embed
1x4-ch DDR5+RTX PRO 4500+Versal HBM@PCIe4,CPU+GPU+CGRA,6780,204.9330734243015,22.116660987012985,100,RTX PRO 4500,Xeon-4ch,1,1,Versal HBM,PCIe4,embed
1x4-ch DDR5+RTX PRO 4500+Versal HBM@PCIe5,CPU+GPU+CGRA,6780,204.9330734243015,21.526836987012985,100,RTX PRO 4500,Xeon-4ch,1,1,Versal HBM,PCIe5,embed
1x4-ch DDR5+RTX PRO 4500+Versal HBM@NVLink,CPU+GPU+CGRA,6780,204.9330734243015,20.978956027012984,100,RTX PRO 4500,Xeon-4ch,1,1,Versal HBM,NVLink,embed
2x4-ch DDR5+RTX PRO 4500+Versal HBM@PCIe4,CPU+GPU+CGRA,7300,405.6267604679726,12.227601091838503,100,RTX PRO 4500,Xeon-4ch,1,2,Versal HBM,PCIe4,embed
2x4-ch DDR5+RTX PRO 4500+Versal HBM@PCIe5,CPU+GPU+CGRA,7300,405.6267604679726,11.637777091838503,100,RTX PRO 4500,Xeon-4ch,1,2,Versal HBM,PCIe5,embed
2x4-ch DDR5+RTX PRO 4500+Versal HBM@NVLink,CPU+GPU+CGRA,7300,405.6267604679726,11.089896131838502,100,RTX PRO 4500,Xeon-4ch,1,2,Versal HBM,NVLink,embed
4x4-ch DDR5+RTX PRO 4500+Versal HBM@PCIe4,CPU+GPU+CGRA,8900,801.9672004813057,7.2370888,100,RTX PRO 4500,Xeon-4ch,1,4,Versal HBM,PCIe4,embed
4x4-ch DDR5+RTX PRO 4500+Versal HBM@PCIe5,CPU+GPU+CGRA,8900,801.9672004813057,6.6472648,100,RTX PRO 4500,Xeon-4ch,1,4,Versal HBM,PCIe5,embed
4x4-ch DDR5+RTX PRO 4500+Versal HBM@NVLink,CPU+GPU+CGRA,8900,801.9672004813057,6.09938384,100,RTX PRO 4500,Xeon-4ch,1,4,Versal HBM,NVLink,embed
1x4-ch DDR5+RTX PRO 4500+Versal Premium@PCIe4,CPU+GPU+CGRA,9780,368.87953216374274,14.151048103896102,100,RTX PRO 4500,Xeon-4ch,1,1,Versal Premium,PCIe4,embed
1x4-ch DDR5+RTX PRO 4500+Versal Premium@PCIe5,CPU+GPU+CGRA,9780,368.87953216374274,13.102472103896103,100,RTX PRO 4500,Xeon-4ch,1,1,Versal Premium,PCIe5,embed
1x4-ch DDR5+RTX PRO 4500+Versal Premium@NVLink,CPU+GPU+CGRA,9780,368.87953216374274,12.128461508340546,100,RTX PRO 4500,Xeon-4ch,1,1,Versal Premium,NVLink,embed
2x4-ch DDR5+RTX PRO 4500+Versal Premium@PCIe4,CPU+GPU+CGRA,10300,730.1281688423508,8.65712593991028,100,RTX PRO 4500,Xeon-4ch,1,2,Versal Premium,PCIe4,embed
2x4-ch DDR5+RTX PRO 4500+Versal Premium@PCIe5,CPU+GPU+CGRA,10300,730.1281688423508,7.60854993991028,100,RTX PRO 4500,Xeon-4ch,1,2,Versal Premium,PCIe5,embed
2x4-ch DDR5+RTX PRO 4500+Versal Premium@NVLink,CPU+GPU+CGRA,10300,730.1281688423508,6.6345393443547245,100,RTX PRO 4500,Xeon-4ch,1,2,Versal Premium,NVLink,embed
4x4-ch DDR5+RTX PRO 4500+Versal Premium@PCIe4,CPU+GPU+CGRA,11900,1015.7091723101016,6.5555144,100,RTX PRO 4500,Xeon-4ch,1,4,Versal Premium,PCIe4,embed
4x4-ch DDR5+RTX PRO 4500+Versal Premium@PCIe5,CPU+GPU+CGRA,11900,1015.7091723101016,5.769082399999999,100,RTX PRO 4500,Xeon-4ch,1,4,Versal Premium,PCIe5,embed
4x4-ch DDR5+RTX PRO 4500+Versal Premium@NVLink,CPU+GPU+CGRA,11900,1015.7091723101016,5.038574453333333,100,RTX PRO 4500,Xeon-4ch,1,4,Versal Premium,NVLink,embed
1x4-ch DDR5+RTX 4090+U280@PCIe4,CPU+GPU+CGRA,5880,153.69980506822614,28.66245855178967,100,RTX 4090,Xeon-4ch,1,1,U280,PCIe4,embed
1x4-ch DDR5+RTX 4090+U280@PCIe5,CPU+GPU+CGRA,5880,153.69980506822614,27.87602655178967,100,RTX 4090,Xeon-4ch,1,1,U280,PCIe5,embed
1x4-ch DDR5+RTX 4090+U280@NVLink,CPU+GPU+CGRA,5880,153.69980506822614,27.145518605123,100,RTX 4090,Xeon-4ch,1,1,U280,NVLink,embed
2x4-ch DDR5+RTX 4090+U280@PCIe4,CPU+GPU+CGRA,6400,304.22007035097954,15.477045358223693,100,RTX 4090,Xeon-4ch,1,2,U280,PCIe4,embed
2x4-ch DDR5+RTX 4090+U280@PCIe5,CPU+GPU+CGRA,6400,304.22007035097954,14.690613358223692,100,RTX 4090,Xeon-4ch,1,2,U280,PCIe5,embed
2x4-ch DDR5+RTX 4090+U280@NVLink,CPU+GPU+CGRA,6400,304.22007035097954,13.960105411557025,100,RTX 4090,Xeon-4ch,1,2,U280,NVLink,embed
4x4-ch DDR5+RTX 4090+U280@PCIe4,CPU+GPU+CGRA,8000,602.1468352758988,8.815435441241492,100,RTX 4090,Xeon-4ch,1,4,U280,PCIe4,embed
4x4-ch DDR5+RTX 4090+U280@PCIe5,CPU+GPU+CGRA,8000,602.1468352758988,8.029003441241493,100,RTX 4090,Xeon-4ch,1,4,U280,PCIe5,embed
4x4-ch DDR5+RTX 4090+U280@NVLink,CPU+GPU+CGRA,8000,602.1468352758988,7.298495494574826,100,RTX 4090,Xeon-4ch,1,4,U280,NVLink,embed
1x4-ch DDR5+RTX 4090+Versal HBM@PCIe4,CPU+GPU+CGRA,7880,204.9330734243015,21.60690488945201,100,RTX 4090,Xeon-4ch,1,1,Versal HBM,PCIe4,embed
1x4-ch DDR5+RTX 4090+Versal HBM@PCIe5,CPU+GPU+CGRA,7880,204.9330734243015,21.01708088945201,100,RTX 4090,Xeon-4ch,1,1,Versal HBM,PCIe5,embed
1x4-ch DDR5+RTX 4090+Versal HBM@NVLink,CPU+GPU+CGRA,7880,204.9330734243015,20.46919992945201,100,RTX 4090,Xeon-4ch,1,1,Versal HBM,NVLink,embed
2x4-ch DDR5+RTX 4090+Versal HBM@PCIe4,CPU+GPU+CGRA,8400,405.6267604679726,11.717844994277527,100,RTX 4090,Xeon-4ch,1,2,Versal HBM,PCIe4,embed
2x4-ch DDR5+RTX 4090+Versal HBM@PCIe5,CPU+GPU+CGRA,8400,405.6267604679726,11.128020994277527,100,RTX 4090,Xeon-4ch,1,2,Versal HBM,PCIe5,embed
2x4-ch DDR5+RTX 4090+Versal HBM@NVLink,CPU+GPU+CGRA,8400,405.6267604679726,10.580140034277527,100,RTX 4090,Xeon-4ch,1,2,Versal HBM,NVLink,embed
4x4-ch DDR5+RTX 4090+Versal HBM@PCIe4,CPU+GPU+CGRA,10000,801.9672004813057,6.727332702439025,100,RTX 4090,Xeon-4ch,1,4,Versal HBM,PCIe4,embed
4x4-ch DDR5+RTX 4090+Versal HBM@PCIe5,CPU+GPU+CGRA,10000,801.9672004813057,6.137508702439025,100,RTX 4090,Xeon-4ch,1,4,Versal HBM,PCIe5,embed
4x4-ch DDR5+RTX 4090+Versal HBM@NVLink,CPU+GPU+CGRA,10000,801.9672004813057,5.589627742439024,100,RTX 4090,Xeon-4ch,1,4,Versal HBM,NVLink,embed
1x4-ch DDR5+RTX 4090+Versal Premium@PCIe4,CPU+GPU+CGRA,10880,368.87953216374274,13.641292006335126,100,RTX 4090,Xeon-4ch,1,1,Versal Premium,PCIe4,embed
1x4-ch DDR5+RTX 4090+Versal Premium@PCIe5,CPU+GPU+CGRA,10880,368.87953216374274,12.592716006335127,100,RTX 4090,Xeon-4ch,1,1,Versal Premium,PCIe5,embed
1x4-ch DDR5+RTX 4090+Versal Premium@NVLink,CPU+GPU+CGRA,10880,368.87953216374274,11.61870541077957,100,RTX 4090,Xeon-4ch,1,1,Versal Premium,NVLink,embed
2x4-ch DDR5+RTX 4090+Versal Premium@PCIe4,CPU+GPU+CGRA,11400,730.1281688423508,8.147369842349304,100,RTX 4090,Xeon-4ch,1,2,Versal Premium,PCIe4,embed
2x4-ch DDR5+RTX 4090+Versal Premium@PCIe5,CPU+GPU+CGRA,11400,730.1281688423508,7.098793842349305,100,RTX 4090,Xeon-4ch,1,2,Versal Premium,PCIe5,embed
2x4-ch DDR5+RTX 4090+Versal Premium@NVLink,CPU+GPU+CGRA,11400,730.1281688423508,6.124783246793749,100,RTX 4090,Xeon-4ch,1,2,Versal Premium,NVLink,embed
4x4-ch DDR5+RTX 4090+Versal Premium@PCIe4,CPU+GPU+CGRA,13000,1015.7091723101016,6.045758302439024,100,RTX 4090,Xeon-4ch,1,4,Versal Premium,PCIe4,embed
4x4-ch DDR5+RTX 4090+Versal Premium@PCIe5,CPU+GPU+CGRA,13000,1015.7091723101016,5.259326302439024,100,RTX 4090,Xeon-4ch,1,4,Versal Premium,PCIe5,embed
4x4-ch DDR5+RTX 4090+Versal Premium@NVLink,CPU+GPU+CGRA,13000,1015.7091723101016,4.528818355772358,100,RTX 4090,Xeon-4ch,1,4,Versal Premium,NVLink,embed
1x4-ch DDR5+RTX 5090+U280@PCIe4,CPU+GPU+CGRA,6580,153.69980506822614,28.566024173160166,100,RTX 5090,Xeon-4ch,1,1,U280,PCIe4,embed
1x4-ch DDR5+RTX 5090+U280@PCIe5,CPU+GPU+CGRA,6580,153.69980506822614,27.779592173160168,100,RTX 5090,Xeon-4ch,1,1,U280,PCIe5,embed
1x4-ch DDR5+RTX 5090+U280@NVLink,CPU+GPU+CGRA,6580,153.69980506822614,27.0490842264935,100,RTX 5090,Xeon-4ch,1,1,U280,NVLink,embed
2x4-ch DDR5+RTX 5090+U280@PCIe4,CPU+GPU+CGRA,7100,304.22007035097954,15.380610979594193,100,RTX 5090,Xeon-4ch,1,2,U280,PCIe4,embed
2x4-ch DDR5+RTX 5090+U280@PCIe5,CPU+GPU+CGRA,7100,304.22007035097954,14.594178979594192,100,RTX 5090,Xeon-4ch,1,2,U280,PCIe5,embed
2x4-ch DDR5+RTX 5090+U280@NVLink,CPU+GPU+CGRA,7100,304.22007035097954,13.863671032927526,100,RTX 5090,Xeon-4ch,1,2,U280,NVLink,embed
4x4-ch DDR5+RTX 5090+U280@PCIe4,CPU+GPU+CGRA,8700,602.1468352758988,8.719001062611992,100,RTX 5090,Xeon-4ch,1,4,U280,PCIe4,embed
4x4-ch DDR5+RTX 5090+U280@PCIe5,CPU+GPU+CGRA,8700,602.1468352758988,7.932569062611993,100,RTX 5090,Xeon-4ch,1,4,U280,PCIe5,embed
4x4-ch DDR5+RTX 5090+U280@NVLink,CPU+GPU+CGRA,8700,602.1468352758988,7.202061115945326,100,RTX 5090,Xeon-4ch,1,4,U280,NVLink,embed
1x4-ch DDR5+RTX 5090+Versal HBM@PCIe4,CPU+GPU+CGRA,8580,204.9330734243015,21.510470510822508,100,RTX 5090,Xeon-4ch,1,1,Versal HBM,PCIe4,embed
1x4-ch DDR5+RTX 5090+Versal HBM@PCIe5,CPU+GPU+CGRA,8580,204.9330734243015,20.920646510822507,100,RTX 5090,Xeon-4ch,1,1,Versal HBM,PCIe5,embed
1x4-ch DDR5+RTX 5090+Versal HBM@NVLink,CPU+GPU+CGRA,8580,204.9330734243015,20.372765550822507,100,RTX 5090,Xeon-4ch,1,1,Versal HBM,NVLink,embed
2x4-ch DDR5+RTX 5090+Versal HBM@PCIe4,CPU+GPU+CGRA,9100,405.6267604679726,11.621410615648028,100,RTX 5090,Xeon-4ch,1,2,Versal HBM,PCIe4,embed
2x4-ch DDR5+RTX 5090+Versal HBM@PCIe5,CPU+GPU+CGRA,9100,405.6267604679726,11.031586615648028,100,RTX 5090,Xeon-4ch,1,2,Versal HBM,PCIe5,embed
2x4-ch DDR5+RTX 5090+Versal HBM@NVLink,CPU+GPU+CGRA,9100,405.6267604679726,10.483705655648027,100,RTX 5090,Xeon-4ch,1,2,Versal HBM,NVLink,embed
4x4-ch DDR5+RTX 5090+Versal HBM@PCIe4,CPU+GPU+CGRA,10700,801.9672004813057,6.630898323809524,100,RTX 5090,Xeon-4ch,1,4,Versal HBM,PCIe4,embed
4x4-ch DDR5+RTX 5090+Versal HBM@PCIe5,CPU+GPU+CGRA,10700,801.9672004813057,6.041074323809524,100,RTX 5090,Xeon-4ch,1,4,Versal HBM,PCIe5,embed
4x4-ch DDR5+RTX 5090+Versal HBM@NVLink,CPU+GPU+CGRA,10700,801.9672004813057,5.493193363809524,100,RTX 5090,Xeon-4ch,1,4,Versal HBM,NVLink,embed
1x4-ch DDR5+RTX 5090+Versal Premium@PCIe4,CPU+GPU+CGRA,11580,368.87953216374274,13.544857627705627,100,RTX 5090,Xeon-4ch,1,1,Versal Premium,PCIe4,embed
1x4-ch DDR5+RTX 5090+Versal Premium@PCIe5,CPU+GPU+CGRA,11580,368.87953216374274,12.496281627705628,100,RTX 5090,Xeon-4ch,1,1,Versal Premium,PCIe5,embed
1x4-ch DDR5+RTX 5090+Versal Premium@NVLink,CPU+GPU+CGRA,11580,368.87953216374274,11.522271032150071,100,RTX 5090,Xeon-4ch,1,1,Versal Premium,NVLink,embed
2x4-ch DDR5+RTX 5090+Versal Premium@PCIe4,CPU+GPU+CGRA,12100,730.1281688423508,8.050935463719803,100,RTX 5090,Xeon-4ch,1,2,Versal Premium,PCIe4,embed
2x4-ch DDR5+RTX 5090+Versal Premium@PCIe5,CPU+GPU+CGRA,12100,730.1281688423508,7.002359463719804,100,RTX 5090,Xeon-4ch,1,2,Versal Premium,PCIe5,embed
2x4-ch DDR5+RTX 5090+Versal Premium@NVLink,CPU+GPU+CGRA,12100,730.1281688423508,6.028348868164248,100,RTX 5090,Xeon-4ch,1,2,Versal Premium,NVLink,embed
4x4-ch DDR5+RTX 5090+Versal Premium@PCIe4,CPU+GPU+CGRA,13700,1015.7091723101016,5.949323923809524,100,RTX 5090,Xeon-4ch,1,4,Versal Premium,PCIe4,embed
4x4-ch DDR5+RTX 5090+Versal Premium@PCIe5,CPU+GPU+CGRA,13700,1015.7091723101016,5.162891923809523,100,RTX 5090,Xeon-4ch,1,4,Versal Premium,PCIe5,embed
4x4-ch DDR5+RTX 5090+Versal Premium@NVLink,CPU+GPU+CGRA,13700,1015.7091723101016,4.432383977142857,100,RTX 5090,Xeon-4ch,1,4,Versal Premium,NVLink,embed
1x4-ch DDR5+A100 40GB+U280@PCIe4,CPU+GPU+CGRA,14080,153.69980506822614,28.46288131601731,100,A100 40GB,Xeon-4ch,1,1,U280,PCIe4,embed
1x4-ch DDR5+A100 40GB+U280@PCIe5,CPU+GPU+CGRA,14080,153.69980506822614,27.67644931601731,100,A100 40GB,Xeon-4ch,1,1,U280,PCIe5,embed
1x4-ch DDR5+A100 40GB+U280@NVLink,CPU+GPU+CGRA,14080,153.69980506822614,26.945941369350642,100,A100 40GB,Xeon-4ch,1,1,U280,NVLink,embed
2x4-ch DDR5+A100 40GB+U280@PCIe4,CPU+GPU+CGRA,14600,304.22007035097954,15.277468122451335,100,A100 40GB,Xeon-4ch,1,2,U280,PCIe4,embed
2x4-ch DDR5+A100 40GB+U280@PCIe5,CPU+GPU+CGRA,14600,304.22007035097954,14.491036122451334,100,A100 40GB,Xeon-4ch,1,2,U280,PCIe5,embed
2x4-ch DDR5+A100 40GB+U280@NVLink,CPU+GPU+CGRA,14600,304.22007035097954,13.760528175784668,100,A100 40GB,Xeon-4ch,1,2,U280,NVLink,embed
4x4-ch DDR5+A100 40GB+U280@PCIe4,CPU+GPU+CGRA,16200,602.1468352758988,8.615858205469134,100,A100 40GB,Xeon-4ch,1,4,U280,PCIe4,embed
4x4-ch DDR5+A100 40GB+U280@PCIe5,CPU+GPU+CGRA,16200,602.1468352758988,7.829426205469136,100,A100 40GB,Xeon-4ch,1,4,U280,PCIe5,embed
4x4-ch DDR5+A100 40GB+U280@NVLink,CPU+GPU+CGRA,16200,602.1468352758988,7.098918258802469,100,A100 40GB,Xeon-4ch,1,4,U280,NVLink,embed
1x4-ch DDR5+A100 40GB+Versal HBM@PCIe4,CPU+GPU+CGRA,16080,204.9330734243015,21.40732765367965,100,A100 40GB,Xeon-4ch,1,1,Versal HBM,PCIe4,embed
1x4-ch DDR5+A100 40GB+Versal HBM@PCIe5,CPU+GPU+CGRA,16080,204.9330734243015,20.81750365367965,100,A100 40GB,Xeon-4ch,1,1,Versal HBM,PCIe5,embed
1x4-ch DDR5+A100 40GB+Versal HBM@NVLink,CPU+GPU+CGRA,16080,204.9330734243015,20.26962269367965,100,A100 40GB,Xeon-4ch,1,1,Versal HBM,NVLink,embed
2x4-ch DDR5+A100 40GB+Versal HBM@PCIe4,CPU+GPU+CGRA,16600,405.6267604679726,11.51826775850517,100,A100 40GB,Xeon-4ch,1,2,Versal HBM,PCIe4,embed
2x4-ch DDR5+A100 40GB+Versal HBM@PCIe5,CPU+GPU+CGRA,16600,405.6267604679726,10.92844375850517,100,A100 40GB,Xeon-4ch,1,2,Versal HBM,PCIe5,embed
2x4-ch DDR5+A100 40GB+Versal HBM@NVLink,CPU+GPU+CGRA,16600,405.6267604679726,10.380562798505169,100,A100 40GB,Xeon-4ch,1,2,Versal HBM,NVLink,embed
4x4-ch DDR5+A100 40GB+Versal HBM@PCIe4,CPU+GPU+CGRA,18200,801.9672004813057,6.527755466666667,100,A100 40GB,Xeon-4ch,1,4,Versal HBM,PCIe4,embed
4x4-ch DDR5+A100 40GB+Versal HBM@PCIe5,CPU+GPU+CGRA,18200,801.9672004813057,5.937931466666667,100,A100 40GB,Xeon-4ch,1,4,Versal HBM,PCIe5,embed
4x4-ch DDR5+A100 40GB+Versal HBM@NVLink,CPU+GPU+CGRA,18200,801.9672004813057,5.390050506666666,100,A100 40GB,Xeon-4ch,1,4,Versal HBM,NVLink,embed
1x4-ch DDR5+A100 40GB+Versal Premium@PCIe4,CPU+GPU+CGRA,19080,368.87953216374274,13.441714770562768,100,A100 40GB,Xeon-4ch,1,1,Versal Premium,PCIe4,embed
1x4-ch DDR5+A100 40GB+Versal Premium@PCIe5,CPU+GPU+CGRA,19080,368.87953216374274,12.39313877056277,100,A100 40GB,Xeon-4ch,1,1,Versal Premium,PCIe5,embed
1x4-ch DDR5+A100 40GB+Versal Premium@NVLink,CPU+GPU+CGRA,19080,368.87953216374274,11.419128175007213,100,A100 40GB,Xeon-4ch,1,1,Versal Premium,NVLink,embed
2x4-ch DDR5+A100 40GB+Versal Premium@PCIe4,CPU+GPU+CGRA,19600,730.1281688423508,7.947792606576947,100,A100 40GB,Xeon-4ch,1,2,Versal Premium,PCIe4,embed
2x4-ch DDR5+A100 40GB+Versal Premium@PCIe5,CPU+GPU+CGRA,19600,730.1281688423508,6.899216606576947,100,A100 40GB,Xeon-4ch,1,2,Versal Premium,PCIe5,embed
2x4-ch DDR5+A100 40GB+Versal Premium@NVLink,CPU+GPU+CGRA,19600,730.1281688423508,5.925206011021391,100,A100 40GB,Xeon-4ch,1,2,Versal Premium,NVLink,embed
4x4-ch DDR5+A100 40GB+Versal Premium@PCIe4,CPU+GPU+CGRA,21200,1015.7091723101016,5.8461810666666665,100,A100 40GB,Xeon-4ch,1,4,Versal Premium,PCIe4,embed
4x4-ch DDR5+A100 40GB+Versal Premium@PCIe5,CPU+GPU+CGRA,21200,1015.7091723101016,5.059749066666666,100,A100 40GB,Xeon-4ch,1,4,Versal Premium,PCIe5,embed
4x4-ch DDR5+A100 40GB+Versal Premium@NVLink,CPU+GPU+CGRA,21200,1015.7091723101016,4.32924112,100,A100 40GB,Xeon-4ch,1,4,Versal Premium,NVLink,embed
1x4-ch DDR5+A100 80GB+U280@PCIe4,CPU+GPU+CGRA,19080,153.69980506822614,28.46288131601731,100,A100 80GB,Xeon-4ch,1,1,U280,PCIe4,embed
1x4-ch DDR5+A100 80GB+U280@PCIe5,CPU+GPU+CGRA,19080,153.69980506822614,27.67644931601731,100,A100 80GB,Xeon-4ch,1,1,U280,PCIe5,embed
1x4-ch DDR5+A100 80GB+U280@NVLink,CPU+GPU+CGRA,19080,153.69980506822614,26.945941369350642,100,A100 80GB,Xeon-4ch,1,1,U280,NVLink,embed
2x4-ch DDR5+A100 80GB+U280@PCIe4,CPU+GPU+CGRA,19600,304.22007035097954,15.277468122451335,100,A100 80GB,Xeon-4ch,1,2,U280,PCIe4,embed
2x4-ch DDR5+A100 80GB+U280@PCIe5,CPU+GPU+CGRA,19600,304.22007035097954,14.491036122451334,100,A100 80GB,Xeon-4ch,1,2,U280,PCIe5,embed
2x4-ch DDR5+A100 80GB+U280@NVLink,CPU+GPU+CGRA,19600,304.22007035097954,13.760528175784668,100,A100 80GB,Xeon-4ch,1,2,U280,NVLink,embed
4x4-ch DDR5+A100 80GB+U280@PCIe4,CPU+GPU+CGRA,21200,602.1468352758988,8.615858205469134,100,A100 80GB,Xeon-4ch,1,4,U280,PCIe4,embed
4x4-ch DDR5+A100 80GB+U280@PCIe5,CPU+GPU+CGRA,21200,602.1468352758988,7.829426205469136,100,A100 80GB,Xeon-4ch,1,4,U280,PCIe5,embed
4x4-ch DDR5+A100 80GB+U280@NVLink,CPU+GPU+CGRA,21200,602.1468352758988,7.098918258802469,100,A100 80GB,Xeon-4ch,1,4,U280,NVLink,embed
1x4-ch DDR5+A100 80GB+Versal HBM@PCIe4,CPU+GPU+CGRA,21080,204.9330734243015,21.40732765367965,100,A100 80GB,Xeon-4ch,1,1,Versal HBM,PCIe4,embed
1x4-ch DDR5+A100 80GB+Versal HBM@PCIe5,CPU+GPU+CGRA,21080,204.9330734243015,20.81750365367965,100,A100 80GB,Xeon-4ch,1,1,Versal HBM,PCIe5,embed
1x4-ch DDR5+A100 80GB+Versal HBM@NVLink,CPU+GPU+CGRA,21080,204.9330734243015,20.26962269367965,100,A100 80GB,Xeon-4ch,1,1,Versal HBM,NVLink,embed
2x4-ch DDR5+A100 80GB+Versal HBM@PCIe4,CPU+GPU+CGRA,21600,405.6267604679726,11.51826775850517,100,A100 80GB,Xeon-4ch,1,2,Versal HBM,PCIe4,embed
2x4-ch DDR5+A100 80GB+Versal HBM@PCIe5,CPU+GPU+CGRA,21600,405.6267604679726,10.92844375850517,100,A100 80GB,Xeon-4ch,1,2,Versal HBM,PCIe5,embed
2x4-ch DDR5+A100 80GB+Versal HBM@NVLink,CPU+GPU+CGRA,21600,405.6267604679726,10.380562798505169,100,A100 80GB,Xeon-4ch,1,2,Versal HBM,NVLink,embed
4x4-ch DDR5+A100 80GB+Versal HBM@PCIe4,CPU+GPU+CGRA,23200,801.9672004813057,6.527755466666667,100,A100 80GB,Xeon-4ch,1,4,Versal HBM,PCIe4,embed
4x4-ch DDR5+A100 80GB+Versal HBM@PCIe5,CPU+GPU+CGRA,23200,801.9672004813057,5.937931466666667,100,A100 80GB,Xeon-4ch,1,4,Versal HBM,PCIe5,embed
4x4-ch DDR5+A100 80GB+Versal HBM@NVLink,CPU+GPU+CGRA,23200,801.9672004813057,5.390050506666666,100,A100 80GB,Xeon-4ch,1,4,Versal HBM,NVLink,embed
1x4-ch DDR5+A100 80GB+Versal Premium@PCIe4,CPU+GPU+CGRA,24080,368.87953216374274,13.441714770562768,100,A100 80GB,Xeon-4ch,1,1,Versal Premium,PCIe4,embed
1x4-ch DDR5+A100 80GB+Versal Premium@PCIe5,CPU+GPU+CGRA,24080,368.87953216374274,12.39313877056277,100,A100 80GB,Xeon-4ch,1,1,Versal Premium,PCIe5,embed
1x4-ch DDR5+A100 80GB+Versal Premium@NVLink,CPU+GPU+CGRA,24080,368.87953216374274,11.419128175007213,100,A100 80GB,Xeon-4ch,1,1,Versal Premium,NVLink,embed
2x4-ch DDR5+A100 80GB+Versal Premium@PCIe4,CPU+GPU+CGRA,24600,730.1281688423508,7.947792606576947,100,A100 80GB,Xeon-4ch,1,2,Versal Premium,PCIe4,embed
2x4-ch DDR5+A100 80GB+Versal Premium@PCIe5,CPU+GPU+CGRA,24600,730.1281688423508,6.899216606576947,100,A100 80GB,Xeon-4ch,1,2,Versal Premium,PCIe5,embed
2x4-ch DDR5+A100 80GB+Versal Premium@NVLink,CPU+GPU+CGRA,24600,730.1281688423508,5.925206011021391,100,A100 80GB,Xeon-4ch,1,2,Versal Premium,NVLink,embed
4x4-ch DDR5+A100 80GB+Versal Premium@PCIe4,CPU+GPU+CGRA,26200,1015.7091723101016,5.8461810666666665,100,A100 80GB,Xeon-4ch,1,4,Versal Premium,PCIe4,embed
4x4-ch DDR5+A100 80GB+Versal Premium@PCIe5,CPU+GPU+CGRA,26200,1015.7091723101016,5.059749066666666,100,A100 80GB,Xeon-4ch,1,4,Versal Premium,PCIe5,embed
4x4-ch DDR5+A100 80GB+Versal Premium@NVLink,CPU+GPU+CGRA,26200,1015.7091723101016,4.32924112,100,A100 80GB,Xeon-4ch,1,4,Versal Premium,NVLink,embed
1x6-ch DDR5+RTX 4060+U280@PCIe4,CPU+GPU+CGRA,4780,299.41520467836256,17.057864,100,RTX 4060,Xeon-6ch,1,1,U280,PCIe4,embed
1x6-ch DDR5+RTX 4060+U280@PCIe5,CPU+GPU+CGRA,4780,299.41520467836256,16.271432,100,RTX 4060,Xeon-6ch,1,1,U280,PCIe5,embed
1x6-ch DDR5+RTX 4060+U280@NVLink,CPU+GPU+CGRA,4780,299.41520467836256,15.540924053333333,100,RTX 4060,Xeon-6ch,1,1,U280,NVLink,embed
2x6-ch DDR5+RTX 4060+U280@PCIe4,CPU+GPU+CGRA,5700,592.6365006837262,10.289351893969464,100,RTX 4060,Xeon-6ch,1,2,U280,PCIe4,embed
2x6-ch DDR5+RTX 4060+U280@PCIe5,CPU+GPU+CGRA,5700,592.6365006837262,9.502919893969464,100,RTX 4060,Xeon-6ch,1,2,U280,PCIe5,embed
2x6-ch DDR5+RTX 4060+U280@NVLink,CPU+GPU+CGRA,5700,592.6365006837262,8.772411947302798,100,RTX 4060,Xeon-6ch,1,2,U280,NVLink,embed
1x6-ch DDR5+RTX 4060+Versal HBM@PCIe4,CPU+GPU+CGRA,6780,399.22027290448347,13.244648,100,RTX 4060,Xeon-6ch,1,1,Versal HBM,PCIe4,embed
1x6-ch DDR5+RTX 4060+Versal HBM@PCIe5,CPU+GPU+CGRA,6780,399.22027290448347,12.654824,100,RTX 4060,Xeon-6ch,1,1,Versal HBM,PCIe5,embed
1x6-ch DDR5+RTX 4060+Versal HBM@NVLink,CPU+GPU+CGRA,6780,399.22027290448347,12.106943039999999,100,RTX 4060,Xeon-6ch,1,1,Versal HBM,NVLink,embed
2x6-ch DDR5+RTX 4060+Versal HBM@PCIe4,CPU+GPU+CGRA,7700,790.1820009116349,8.168263920477099,100,RTX 4060,Xeon-6ch,1,2,Versal HBM,PCIe4,embed
2x6-ch DDR5+RTX 4060+Versal HBM@PCIe5,CPU+GPU+CGRA,7700,790.1820009116349,7.5784399204770985,100,RTX 4060,Xeon-6ch,1,2,Versal HBM,PCIe5,embed
2x6-ch DDR5+RTX 4060+Versal HBM@NVLink,CPU+GPU+CGRA,7700,790.1820009116349,7.030558960477098,100,RTX 4060,Xeon-6ch,1,2,Versal HBM,NVLink,embed
1x6-ch DDR5+RTX 4060+Versal Premium@PCIe4,CPU+GPU+CGRA,9780,718.5964912280702,9.602152,100,RTX 4060,Xeon-6ch,1,1,Versal Premium,PCIe4,embed
1x6-ch DDR5+RTX 4060+Versal Premium@PCIe5,CPU+GPU+CGRA,9780,718.5964912280702,8.553576,100,RTX 4060,Xeon-6ch,1,1,Versal Premium,PCIe5,embed
1x6-ch DDR5+RTX 4060+Versal Premium@NVLink,CPU+GPU+CGRA,9780,718.5964912280702,7.579565404444445,100,RTX 4060,Xeon-6ch,1,1,Versal Premium,NVLink,embed
2x6-ch DDR5+RTX 4060+Versal Premium@PCIe4,CPU+GPU+CGRA,10700,1015.7091723101016,7.4105144,100,RTX 4060,Xeon-6ch,1,2,Versal Premium,PCIe4,embed
2x6-ch DDR5+RTX 4060+Versal Premium@PCIe5,CPU+GPU+CGRA,10700,1015.7091723101016,6.624082399999999,100,RTX 4060,Xeon-6ch,1,2,Versal Premium,PCIe5,embed
2x6-ch DDR5+RTX 4060+Versal Premium@NVLink,CPU+GPU+CGRA,10700,1015.7091723101016,5.893574453333333,100,RTX 4060,Xeon-6ch,1,2,Versal Premium,NVLink,embed
1x6-ch DDR5+RTX PRO 4500+U280@PCIe4,CPU+GPU+CGRA,5180,299.41520467836256,16.202863999999998,100,RTX PRO 4500,Xeon-6ch,1,1,U280,PCIe4,embed
1x6-ch DDR5+RTX PRO 4500+U280@PCIe5,CPU+GPU+CGRA,5180,299.41520467836256,15.416431999999999,100,RTX PRO 4500,Xeon-6ch,1,1,U280,PCIe5,embed
1x6-ch DDR5+RTX PRO 4500+U280@NVLink,CPU+GPU+CGRA,5180,299.41520467836256,14.685924053333332,100,RTX PRO 4500,Xeon-6ch,1,1,U280,NVLink,embed
2x6-ch DDR5+RTX PRO 4500+U280@PCIe4,CPU+GPU+CGRA,6100,592.6365006837262,9.434351893969463,100,RTX PRO 4500,Xeon-6ch,1,2,U280,PCIe4,embed
2x6-ch DDR5+RTX PRO 4500+U280@PCIe5,CPU+GPU+CGRA,6100,592.6365006837262,8.647919893969464,100,RTX PRO 4500,Xeon-6ch,1,2,U280,PCIe5,embed
2x6-ch DDR5+RTX PRO 4500+U280@NVLink,CPU+GPU+CGRA,6100,592.6365006837262,7.917411947302798,100,RTX PRO 4500,Xeon-6ch,1,2,U280,NVLink,embed
1x6-ch DDR5+RTX PRO 4500+Versal HBM@PCIe4,CPU+GPU+CGRA,7180,399.22027290448347,12.389648,100,RTX PRO 4500,Xeon-6ch,1,1,Versal HBM,PCIe4,embed
1x6-ch DDR5+RTX PRO 4500+Versal HBM@PCIe5,CPU+GPU+CGRA,7180,399.22027290448347,11.799824,100,RTX PRO 4500,Xeon-6ch,1,1,Versal HBM,PCIe5,embed
1x6-ch DDR5+RTX PRO 4500+Versal HBM@NVLink,CPU+GPU+CGRA,7180,399.22027290448347,11.251943039999999,100,RTX PRO 4500,Xeon-6ch,1,1,Versal HBM,NVLink,embed
2x6-ch DDR5+RTX PRO 4500+Versal HBM@PCIe4,CPU+GPU+CGRA,8100,790.1820009116349,7.313263920477099,100,RTX PRO 4500,Xeon-6ch,1,2,Versal HBM,PCIe4,embed
2x6-ch DDR5+RTX PRO 4500+Versal HBM@PCIe5,CPU+GPU+CGRA,8100,790.1820009116349,6.723439920477099,100,RTX PRO 4500,Xeon-6ch,1,2,Versal HBM,PCIe5,embed
2x6-ch DDR5+RTX PRO 4500+Versal HBM@NVLink,CPU+GPU+CGRA,8100,790.1820009116349,6.175558960477098,100,RTX PRO 4500,Xeon-6ch,1,2,Versal HBM,NVLink,embed
1x6-ch DDR5+RTX PRO 4500+Versal Premium@PCIe4,CPU+GPU+CGRA,10180,718.5964912280702,8.747152,100,RTX PRO 4500,Xeon-6ch,1,1,Versal Premium,PCIe4,embed
1x6-ch DDR5+RTX PRO 4500+Versal Premium@PCIe5,CPU+GPU+CGRA,10180,718.5964912280702,7.698576,100,RTX PRO 4500,Xeon-6ch,1,1,Versal Premium,PCIe5,embed
1x6-ch DDR5+RTX PRO 4500+Versal Premium@NVLink,CPU+GPU+CGRA,10180,718.5964912280702,6.724565404444444,100,RTX PRO 4500,Xeon-6ch,1,1,Versal Premium,NVLink,embed
2x6-ch DDR5+RTX PRO 4500+Versal Premium@PCIe4,CPU+GPU+CGRA,11100,1015.7091723101016,6.5555144,100,RTX PRO 4500,Xeon-6ch,1,2,Versal Premium,PCIe4,embed
2x6-ch DDR5+RTX PRO 4500+Versal Premium@PCIe5,CPU+GPU+CGRA,11100,1015.7091723101016,5.769082399999999,100,RTX PRO 4500,Xeon-6ch,1,2,Versal Premium,PCIe5,embed
2x6-ch DDR5+RTX PRO 4500+Versal Premium@NVLink,CPU+GPU+CGRA,11100,1015.7091723101016,5.038574453333333,100,RTX PRO 4500,Xeon-6ch,1,2,Versal Premium,NVLink,embed
1x6-ch DDR5+RTX 4090+U280@PCIe4,CPU+GPU+CGRA,6280,299.41520467836256,15.693107902439023,100,RTX 4090,Xeon-6ch,1,1,U280,PCIe4,embed
1x6-ch DDR5+RTX 4090+U280@PCIe5,CPU+GPU+CGRA,6280,299.41520467836256,14.906675902439023,100,RTX 4090,Xeon-6ch,1,1,U280,PCIe5,embed
1x6-ch DDR5+RTX 4090+U280@NVLink,CPU+GPU+CGRA,6280,299.41520467836256,14.176167955772357,100,RTX 4090,Xeon-6ch,1,1,U280,NVLink,embed
2x6-ch DDR5+RTX 4090+U280@PCIe4,CPU+GPU+CGRA,7200,592.6365006837262,8.924595796408488,100,RTX 4090,Xeon-6ch,1,2,U280,PCIe4,embed
2x6-ch DDR5+RTX 4090+U280@PCIe5,CPU+GPU+CGRA,7200,592.6365006837262,8.138163796408488,100,RTX 4090,Xeon-6ch,1,2,U280,PCIe5,embed
2x6-ch DDR5+RTX 4090+U280@NVLink,CPU+GPU+CGRA,7200,592.6365006837262,7.407655849741823,100,RTX 4090,Xeon-6ch,1,2,U280,NVLink,embed
1x6-ch DDR5+RTX 4090+Versal HBM@PCIe4,CPU+GPU+CGRA,8280,399.22027290448347,11.879891902439024,100,RTX 4090,Xeon-6ch,1,1,Versal HBM,PCIe4,embed
1x6-ch DDR5+RTX 4090+Versal HBM@PCIe5,CPU+GPU+CGRA,8280,399.22027290448347,11.290067902439024,100,RTX 4090,Xeon-6ch,1,1,Versal HBM,PCIe5,embed
1x6-ch DDR5+RTX 4090+Versal HBM@NVLink,CPU+GPU+CGRA,8280,399.22027290448347,10.742186942439023,100,RTX 4090,Xeon-6ch,1,1,Versal HBM,NVLink,embed
2x6-ch DDR5+RTX 4090+Versal HBM@PCIe4,CPU+GPU+CGRA,9200,790.1820009116349,6.803507822916123,100,RTX 4090,Xeon-6ch,1,2,Versal HBM,PCIe4,embed
2x6-ch DDR5+RTX 4090+Versal HBM@PCIe5,CPU+GPU+CGRA,9200,790.1820009116349,6.213683822916123,100,RTX 4090,Xeon-6ch,1,2,Versal HBM,PCIe5,embed
2x6-ch DDR5+RTX 4090+Versal HBM@NVLink,CPU+GPU+CGRA,9200,790.1820009116349,5.665802862916123,100,RTX 4090,Xeon-6ch,1,2,Versal HBM,NVLink,embed
1x6-ch DDR5+RTX 4090+Versal Premium@PCIe4,CPU+GPU+CGRA,11280,718.5964912280702,8.237395902439024,100,RTX 4090,Xeon-6ch,1,1,Versal Premium,PCIe4,embed
1x6-ch DDR5+RTX 4090+Versal Premium@PCIe5,CPU+GPU+CGRA,11280,718.5964912280702,7.1888199024390245,100,RTX 4090,Xeon-6ch,1,1,Versal Premium,PCIe5,embed
1x6-ch DDR5+RTX 4090+Versal Premium@NVLink,CPU+GPU+CGRA,11280,718.5964912280702,6.214809306883469,100,RTX 4090,Xeon-6ch,1,1,Versal Premium,NVLink,embed
2x6-ch DDR5+RTX 4090+Versal Premium@PCIe4,CPU+GPU+CGRA,12200,1015.7091723101016,6.045758302439024,100,RTX 4090,Xeon-6ch,1,2,Versal Premium,PCIe4,embed
2x6-ch DDR5+RTX 4090+Versal Premium@PCIe5,CPU+GPU+CGRA,12200,1015.7091723101016,5.259326302439024,100,RTX 4090,Xeon-6ch,1,2,Versal Premium,PCIe5,embed
2x6-ch DDR5+RTX 4090+Versal Premium@NVLink,CPU+GPU+CGRA,12200,1015.7091723101016,4.528818355772358,100,RTX 4090,Xeon-6ch,1,2,Versal Premium,NVLink,embed
1x6-ch DDR5+RTX 5090+U280@PCIe4,CPU+GPU+CGRA,6980,299.41520467836256,15.596673523809523,100,RTX 5090,Xeon-6ch,1,1,U280,PCIe4,embed
1x6-ch DDR5+RTX 5090+U280@PCIe5,CPU+GPU+CGRA,6980,299.41520467836256,14.810241523809523,100,RTX 5090,Xeon-6ch,1,1,U280,PCIe5,embed
1x6-ch DDR5+RTX 5090+U280@NVLink,CPU+GPU+CGRA,6980,299.41520467836256,14.079733577142857,100,RTX 5090,Xeon-6ch,1,1,U280,NVLink,embed
2x6-ch DDR5+RTX 5090+U280@PCIe4,CPU+GPU+CGRA,7900,592.6365006837262,8.828161417778988,100,RTX 5090,Xeon-6ch,1,2,U280,PCIe4,embed
2x6-ch DDR5+RTX 5090+U280@PCIe5,CPU+GPU+CGRA,7900,592.6365006837262,8.041729417778988,100,RTX 5090,Xeon-6ch,1,2,U280,PCIe5,embed
2x6-ch DDR5+RTX 5090+U280@NVLink,CPU+GPU+CGRA,7900,592.6365006837262,7.311221471112322,100,RTX 5090,Xeon-6ch,1,2,U280,NVLink,embed
1x6-ch DDR5+RTX 5090+Versal HBM@PCIe4,CPU+GPU+CGRA,8980,399.22027290448347,11.783457523809524,100,RTX 5090,Xeon-6ch,1,1,Versal HBM,PCIe4,embed
1x6-ch DDR5+RTX 5090+Versal HBM@PCIe5,CPU+GPU+CGRA,8980,399.22027290448347,11.193633523809524,100,RTX 5090,Xeon-6ch,1,1,Versal HBM,PCIe5,embed
1x6-ch DDR5+RTX 5090+Versal HBM@NVLink,CPU+GPU+CGRA,8980,399.22027290448347,10.645752563809523,100,RTX 5090,Xeon-6ch,1,1,Versal HBM,NVLink,embed
2x6-ch DDR5+RTX 5090+Versal HBM@PCIe4,CPU+GPU+CGRA,9900,790.1820009116349,6.707073444286623,100,RTX 5090,Xeon-6ch,1,2,Versal HBM,PCIe4,embed
2x6-ch DDR5+RTX 5090+Versal HBM@PCIe5,CPU+GPU+CGRA,9900,790.1820009116349,6.117249444286623,100,RTX 5090,Xeon-6ch,1,2,Versal HBM,PCIe5,embed
2x6-ch DDR5+RTX 5090+Versal HBM@NVLink,CPU+GPU+CGRA,9900,790.1820009116349,5.569368484286622,100,RTX 5090,Xeon-6ch,1,2,Versal HBM,NVLink,embed
1x6-ch DDR5+RTX 5090+Versal Premium@PCIe4,CPU+GPU+CGRA,11980,718.5964912280702,8.140961523809523,100,RTX 5090,Xeon-6ch,1,1,Versal Premium,PCIe4,embed
1x6-ch DDR5+RTX 5090+Versal Premium@PCIe5,CPU+GPU+CGRA,11980,718.5964912280702,7.092385523809524,100,RTX 5090,Xeon-6ch,1,1,Versal Premium,PCIe5,embed
1x6-ch DDR5+RTX 5090+Versal Premium@NVLink,CPU+GPU+CGRA,11980,718.5964912280702,6.118374928253968,100,RTX 5090,Xeon-6ch,1,1,Versal Premium,NVLink,embed
2x6-ch DDR5+RTX 5090+Versal Premium@PCIe4,CPU+GPU+CGRA,12900,1015.7091723101016,5.949323923809524,100,RTX 5090,Xeon-6ch,1,2,Versal Premium,PCIe4,embed
2x6-ch DDR5+RTX 5090+Versal Premium@PCIe5,CPU+GPU+CGRA,12900,1015.7091723101016,5.162891923809523,100,RTX 5090,Xeon-6ch,1,2,Versal Premium,PCIe5,embed
2x6-ch DDR5+RTX 5090+Versal Premium@NVLink,CPU+GPU+CGRA,12900,1015.7091723101016,4.432383977142857,100,RTX 5090,Xeon-6ch,1,2,Versal Premium,NVLink,embed
1x6-ch DDR5+A100 40GB+U280@PCIe4,CPU+GPU+CGRA,14480,299.41520467836256,15.493530666666665,100,A100 40GB,Xeon-6ch,1,1,U280,PCIe4,embed
1x6-ch DDR5+A100 40GB+U280@PCIe5,CPU+GPU+CGRA,14480,299.41520467836256,14.707098666666665,100,A100 40GB,Xeon-6ch,1,1,U280,PCIe5,embed
1x6-ch DDR5+A100 40GB+U280@NVLink,CPU+GPU+CGRA,14480,299.41520467836256,13.976590719999999,100,A100 40GB,Xeon-6ch,1,1,U280,NVLink,embed
2x6-ch DDR5+A100 40GB+U280@PCIe4,CPU+GPU+CGRA,15400,592.6365006837262,8.72501856063613,100,A100 40GB,Xeon-6ch,1,2,U280,PCIe4,embed
2x6-ch DDR5+A100 40GB+U280@PCIe5,CPU+GPU+CGRA,15400,592.6365006837262,7.938586560636131,100,A100 40GB,Xeon-6ch,1,2,U280,PCIe5,embed
2x6-ch DDR5+A100 40GB+U280@NVLink,CPU+GPU+CGRA,15400,592.6365006837262,7.208078613969465,100,A100 40GB,Xeon-6ch,1,2,U280,NVLink,embed
1x6-ch DDR5+A100 40GB+Versal HBM@PCIe4,CPU+GPU+CGRA,16480,399.22027290448347,11.680314666666666,100,A100 40GB,Xeon-6ch,1,1,Versal HBM,PCIe4,embed
1x6-ch DDR5+A100 40GB+Versal HBM@PCIe5,CPU+GPU+CGRA,16480,399.22027290448347,11.090490666666666,100,A100 40GB,Xeon-6ch,1,1,Versal HBM,PCIe5,embed
1x6-ch DDR5+A100 40GB+Versal HBM@NVLink,CPU+GPU+CGRA,16480,399.22027290448347,10.542609706666665,100,A100 40GB,Xeon-6ch,1,1,Versal HBM,NVLink,embed
2x6-ch DDR5+A100 40GB+Versal HBM@PCIe4,CPU+GPU+CGRA,17400,790.1820009116349,6.603930587143766,100,A100 40GB,Xeon-6ch,1,2,Versal HBM,PCIe4,embed
2x6-ch DDR5+A100 40GB+Versal HBM@PCIe5,CPU+GPU+CGRA,17400,790.1820009116349,6.014106587143766,100,A100 40GB,Xeon-6ch,1,2,Versal HBM,PCIe5,embed
2x6-ch DDR5+A100 40GB+Versal HBM@NVLink,CPU+GPU+CGRA,17400,790.1820009116349,5.466225627143765,100,A100 40GB,Xeon-6ch,1,2,Versal HBM,NVLink,embed
1x6-ch DDR5+A100 40GB+Versal Premium@PCIe4,CPU+GPU+CGRA,19480,718.5964912280702,8.037818666666666,100,A100 40GB,Xeon-6ch,1,1,Versal Premium,PCIe4,embed
1x6-ch DDR5+A100 40GB+Versal Premium@PCIe5,CPU+GPU+CGRA,19480,718.5964912280702,6.989242666666667,100,A100 40GB,Xeon-6ch,1,1,Versal Premium,PCIe5,embed
1x6-ch DDR5+A100 40GB+Versal Premium@NVLink,CPU+GPU+CGRA,19480,718.5964912280702,6.015232071111111,100,A100 40GB,Xeon-6ch,1,1,Versal Premium,NVLink,embed
2x6-ch DDR5+A100 40GB+Versal Premium@PCIe4,CPU+GPU+CGRA,20400,1015.7091723101016,5.8461810666666665,100,A100 40GB,Xeon-6ch,1,2,Versal Premium,PCIe4,embed
2x6-ch DDR5+A100 40GB+Versal Premium@PCIe5,CPU+GPU+CGRA,20400,1015.7091723101016,5.059749066666666,100,A100 40GB,Xeon-6ch,1,2,Versal Premium,PCIe5,embed
2x6-ch DDR5+A100 40GB+Versal Premium@NVLink,CPU+GPU+CGRA,20400,1015.7091723101016,4.32924112,100,A100 40GB,Xeon-6ch,1,2,Versal Premium,NVLink,embed
1x6-ch DDR5+A100 80GB+U280@PCIe4,CPU+GPU+CGRA,19480,299.41520467836256,15.493530666666665,100,A100 80GB,Xeon-6ch,1,1,U280,PCIe4,embed
1x6-ch DDR5+A100 80GB+U280@PCIe5,CPU+GPU+CGRA,19480,299.41520467836256,14.707098666666665,100,A100 80GB,Xeon-6ch,1,1,U280,PCIe5,embed
1x6-ch DDR5+A100 80GB+U280@NVLink,CPU+GPU+CGRA,19480,299.41520467836256,13.976590719999999,100,A100 80GB,Xeon-6ch,1,1,U280,NVLink,embed
2x6-ch DDR5+A100 80GB+U280@PCIe4,CPU+GPU+CGRA,20400,592.6365006837262,8.72501856063613,100,A100 80GB,Xeon-6ch,1,2,U280,PCIe4,embed
2x6-ch DDR5+A100 80GB+U280@PCIe5,CPU+GPU+CGRA,20400,592.6365006837262,7.938586560636131,100,A100 80GB,Xeon-6ch,1,2,U280,PCIe5,embed
2x6-ch DDR5+A100 80GB+U280@NVLink,CPU+GPU+CGRA,20400,592.6365006837262,7.208078613969465,100,A100 80GB,Xeon-6ch,1,2,U280,NVLink,embed
1x6-ch DDR5+A100 80GB+Versal HBM@PCIe4,CPU+GPU+CGRA,21480,399.22027290448347,11.680314666666666,100,A100 80GB,Xeon-6ch,1,1,Versal HBM,PCIe4,embed
1x6-ch DDR5+A100 80GB+Versal HBM@PCIe5,CPU+GPU+CGRA,21480,399.22027290448347,11.090490666666666,100,A100 80GB,Xeon-6ch,1,1,Versal HBM,PCIe5,embed
1x6-ch DDR5+A100 80GB+Versal HBM@NVLink,CPU+GPU+CGRA,21480,399.22027290448347,10.542609706666665,100,A100 80GB,Xeon-6ch,1,1,Versal HBM,NVLink,embed
2x6-ch DDR5+A100 80GB+Versal HBM@PCIe4,CPU+GPU+CGRA,22400,790.1820009116349,6.603930587143766,100,A100 80GB,Xeon-6ch,1,2,Versal HBM,PCIe4,embed
2x6-ch DDR5+A100 80GB+Versal HBM@PCIe5,CPU+GPU+CGRA,22400,790.1820009116349,6.014106587143766,100,A100 80GB,Xeon-6ch,1,2,Versal HBM,PCIe5,embed
2x6-ch DDR5+A100 80GB+Versal HBM@NVLink,CPU+GPU+CGRA,22400,790.1820009116349,5.466225627143765,100,A100 80GB,Xeon-6ch,1,2,Versal HBM,NVLink,embed
1x6-ch DDR5+A100 80GB+Versal Premium@PCIe4,CPU+GPU+CGRA,24480,718.5964912280702,8.037818666666666,100,A100 80GB,Xeon-6ch,1,1,Versal Premium,PCIe4,embed
1x6-ch DDR5+A100 80GB+Versal Premium@PCIe5,CPU+GPU+CGRA,24480,718.5964912280702,6.989242666666667,100,A100 80GB,Xeon-6ch,1,1,Versal Premium,PCIe5,embed
1x6-ch DDR5+A100 80GB+Versal Premium@NVLink,CPU+GPU+CGRA,24480,718.5964912280702,6.015232071111111,100,A100 80GB,Xeon-6ch,1,1,Versal Premium,NVLink,embed
2x6-ch DDR5+A100 80GB+Versal Premium@PCIe4,CPU+GPU+CGRA,25400,1015.7091723101016,5.8461810666666665,100,A100 80GB,Xeon-6ch,1,2,Versal Premium,PCIe4,embed
2x6-ch DDR5+A100 80GB+Versal Premium@PCIe5,CPU+GPU+CGRA,25400,1015.7091723101016,5.059749066666666,100,A100 80GB,Xeon-6ch,1,2,Versal Premium,PCIe5,embed
2x6-ch DDR5+A100 80GB+Versal Premium@NVLink,CPU+GPU+CGRA,25400,1015.7091723101016,4.32924112,100,A100 80GB,Xeon-6ch,1,2,Versal Premium,NVLink,embed
1x8-ch DDR5+RTX 4060+U280@PCIe4,CPU+GPU+CGRA,6580,459.103313840156,12.299603130434782,100,RTX 4060,Xeon-8ch,1,1,U280,PCIe4,embed
1x8-ch DDR5+RTX 4060+U280@PCIe5,CPU+GPU+CGRA,6580,459.103313840156,11.513171130434781,100,RTX 4060,Xeon-8ch,1,1,U280,PCIe5,embed
1x8-ch DDR5+RTX 4060+U280@NVLink,CPU+GPU+CGRA,6580,459.103313840156,10.782663183768115,100,RTX 4060,Xeon-8ch,1,1,U280,NVLink,embed
1x8-ch DDR5+RTX 4060+Versal HBM@PCIe4,CPU+GPU+CGRA,8580,612.1377517868746,9.675952347826087,100,RTX 4060,Xeon-8ch,1,1,Versal HBM,PCIe4,embed
1x8-ch DDR5+RTX 4060+Versal HBM@PCIe5,CPU+GPU+CGRA,8580,612.1377517868746,9.086128347826087,100,RTX 4060,Xeon-8ch,1,1,Versal HBM,PCIe5,embed
1x8-ch DDR5+RTX 4060+Versal HBM@NVLink,CPU+GPU+CGRA,8580,612.1377517868746,8.538247387826086,100,RTX 4060,Xeon-8ch,1,1,Versal HBM,NVLink,embed
1x8-ch DDR5+RTX 4060+Versal Premium@PCIe4,CPU+GPU+CGRA,11580,1015.7091723101016,7.934802400000001,100,RTX 4060,Xeon-8ch,1,1,Versal Premium,PCIe4,embed
1x8-ch DDR5+RTX 4060+Versal Premium@PCIe5,CPU+GPU+CGRA,11580,1015.7091723101016,6.8862264,100,RTX 4060,Xeon-8ch,1,1,Versal Premium,PCIe5,embed
1x8-ch DDR5+RTX 4060+Versal Premium@NVLink,CPU+GPU+CGRA,11580,1015.7091723101016,5.912215804444445,100,RTX 4060,Xeon-8ch,1,1,Versal Premium,NVLink,embed
2x8-ch DDR5+RTX 4060+Versal Premium@PCIe4,CPU+GPU+CGRA,14300,1015.7091723101016,7.213906399999999,100,RTX 4060,Xeon-8ch,1,2,Versal Premium,PCIe4,embed
2x8-ch DDR5+RTX 4060+Versal Premium@PCIe5,CPU+GPU+CGRA,14300,1015.7091723101016,6.5257784,100,RTX 4060,Xeon-8ch,1,2,Versal Premium,PCIe5,embed
2x8-ch DDR5+RTX 4060+Versal Premium@NVLink,CPU+GPU+CGRA,14300,1015.7091723101016,5.886583946666667,100,RTX 4060,Xeon-8ch,1,2,Versal Premium,NVLink,embed
1x8-ch DDR5+RTX PRO 4500+U280@PCIe4,CPU+GPU+CGRA,6980,459.103313840156,11.444603130434782,100,RTX PRO 4500,Xeon-8ch,1,1,U280,PCIe4,embed
1x8-ch DDR5+RTX PRO 4500+U280@PCIe5,CPU+GPU+CGRA,6980,459.103313840156,10.65817113043478,100,RTX PRO 4500,Xeon-8ch,1,1,U280,PCIe5,embed
1x8-ch DDR5+RTX PRO 4500+U280@NVLink,CPU+GPU+CGRA,6980,459.103313840156,9.927663183768114,100,RTX PRO 4500,Xeon-8ch,1,1,U280,NVLink,embed
1x8-ch DDR5+RTX PRO 4500+Versal HBM@PCIe4,CPU+GPU+CGRA,8980,612.1377517868746,8.820952347826086,100,RTX PRO 4500,Xeon-8ch,1,1,Versal HBM,PCIe4,embed
1x8-ch DDR5+RTX PRO 4500+Versal HBM@PCIe5,CPU+GPU+CGRA,8980,612.1377517868746,8.231128347826086,100,RTX PRO 4500,Xeon-8ch,1,1,Versal HBM,PCIe5,embed
1x8-ch DDR5+RTX PRO 4500+Versal HBM@NVLink,CPU+GPU+CGRA,8980,612.1377517868746,7.6832473878260865,100,RTX PRO 4500,Xeon-8ch,1,1,Versal HBM,NVLink,embed
1x8-ch DDR5+RTX PRO 4500+Versal Premium@PCIe4,CPU+GPU+CGRA,11980,1015.7091723101016,7.0798024,100,RTX PRO 4500,Xeon-8ch,1,1,Versal Premium,PCIe4,embed
1x8-ch DDR5+RTX PRO 4500+Versal Premium@PCIe5,CPU+GPU+CGRA,11980,1015.7091723101016,6.0312264,100,RTX PRO 4500,Xeon-8ch,1,1,Versal Premium,PCIe5,embed
1x8-ch DDR5+RTX PRO 4500+Versal Premium@NVLink,CPU+GPU+CGRA,11980,1015.7091723101016,5.057215804444445,100,RTX PRO 4500,Xeon-8ch,1,1,Versal Premium,NVLink,embed
2x8-ch DDR5+RTX PRO 4500+Versal Premium@PCIe4,CPU+GPU+CGRA,14700,1015.7091723101016,6.3589063999999995,100,RTX PRO 4500,Xeon-8ch,1,2,Versal Premium,PCIe4,embed
2x8-ch DDR5+RTX PRO 4500+Versal Premium@PCIe5,CPU+GPU+CGRA,14700,1015.7091723101016,5.6707784,100,RTX PRO 4500,Xeon-8ch,1,2,Versal Premium,PCIe5,embed
2x8-ch DDR5+RTX PRO 4500+Versal Premium@NVLink,CPU+GPU+CGRA,14700,1015.7091723101016,5.031583946666666,100,RTX PRO 4500,Xeon-8ch,1,2,Versal Premium,NVLink,embed
1x8-ch DDR5+RTX 4090+U280@PCIe4,CPU+GPU+CGRA,8080,459.103313840156,10.934847032873806,100,RTX 4090,Xeon-8ch,1,1,U280,PCIe4,embed
1x8-ch DDR5+RTX 4090+U280@PCIe5,CPU+GPU+CGRA,8080,459.103313840156,10.148415032873805,100,RTX 4090,Xeon-8ch,1,1,U280,PCIe5,embed
1x8-ch DDR5+RTX 4090+U280@NVLink,CPU+GPU+CGRA,8080,459.103313840156,9.417907086207139,100,RTX 4090,Xeon-8ch,1,1,U280,NVLink,embed
1x8-ch DDR5+RTX 4090+Versal HBM@PCIe4,CPU+GPU+CGRA,10080,612.1377517868746,8.31119625026511,100,RTX 4090,Xeon-8ch,1,1,Versal HBM,PCIe4,embed
1x8-ch DDR5+RTX 4090+Versal HBM@PCIe5,CPU+GPU+CGRA,10080,612.1377517868746,7.721372250265111,100,RTX 4090,Xeon-8ch,1,1,Versal HBM,PCIe5,embed
1x8-ch DDR5+RTX 4090+Versal HBM@NVLink,CPU+GPU+CGRA,10080,612.1377517868746,7.173491290265111,100,RTX 4090,Xeon-8ch,1,1,Versal HBM,NVLink,embed
1x8-ch DDR5+RTX 4090+Versal Premium@PCIe4,CPU+GPU+CGRA,13080,1015.7091723101016,6.5700463024390245,100,RTX 4090,Xeon-8ch,1,1,Versal Premium,PCIe4,embed
1x8-ch DDR5+RTX 4090+Versal Premium@PCIe5,CPU+GPU+CGRA,13080,1015.7091723101016,5.521470302439025,100,RTX 4090,Xeon-8ch,1,1,Versal Premium,PCIe5,embed
1x8-ch DDR5+RTX 4090+Versal Premium@NVLink,CPU+GPU+CGRA,13080,1015.7091723101016,4.547459706883469,100,RTX 4090,Xeon-8ch,1,1,Versal Premium,NVLink,embed
2x8-ch DDR5+RTX 4090+Versal Premium@PCIe4,CPU+GPU+CGRA,15800,1015.7091723101016,5.849150302439024,100,RTX 4090,Xeon-8ch,1,2,Versal Premium,PCIe4,embed
2x8-ch DDR5+RTX 4090+Versal Premium@PCIe5,CPU+GPU+CGRA,15800,1015.7091723101016,5.161022302439024,100,RTX 4090,Xeon-8ch,1,2,Versal Premium,PCIe5,embed
2x8-ch DDR5+RTX 4090+Versal Premium@NVLink,CPU+GPU+CGRA,15800,1015.7091723101016,4.521827849105691,100,RTX 4090,Xeon-8ch,1,2,Versal Premium,NVLink,embed
1x8-ch DDR5+RTX 5090+U280@PCIe4,CPU+GPU+CGRA,8780,459.103313840156,10.838412654244307,100,RTX 5090,Xeon-8ch,1,1,U280,PCIe4,embed
1x8-ch DDR5+RTX 5090+U280@PCIe5,CPU+GPU+CGRA,8780,459.103313840156,10.051980654244305,100,RTX 5090,Xeon-8ch,1,1,U280,PCIe5,embed
1x8-ch DDR5+RTX 5090+U280@NVLink,CPU+GPU+CGRA,8780,459.103313840156,9.32147270757764,100,RTX 5090,Xeon-8ch,1,1,U280,NVLink,embed
1x8-ch DDR5+RTX 5090+Versal HBM@PCIe4,CPU+GPU+CGRA,10780,612.1377517868746,8.214761871635611,100,RTX 5090,Xeon-8ch,1,1,Versal HBM,PCIe4,embed
1x8-ch DDR5+RTX 5090+Versal HBM@PCIe5,CPU+GPU+CGRA,10780,612.1377517868746,7.624937871635611,100,RTX 5090,Xeon-8ch,1,1,Versal HBM,PCIe5,embed
1x8-ch DDR5+RTX 5090+Versal HBM@NVLink,CPU+GPU+CGRA,10780,612.1377517868746,7.07705691163561,100,RTX 5090,Xeon-8ch,1,1,Versal HBM,NVLink,embed
1x8-ch DDR5+RTX 5090+Versal Premium@PCIe4,CPU+GPU+CGRA,13780,1015.7091723101016,6.473611923809524,100,RTX 5090,Xeon-8ch,1,1,Versal Premium,PCIe4,embed
1x8-ch DDR5+RTX 5090+Versal Premium@PCIe5,CPU+GPU+CGRA,13780,1015.7091723101016,5.425035923809524,100,RTX 5090,Xeon-8ch,1,1,Versal Premium,PCIe5,embed
1x8-ch DDR5+RTX 5090+Versal Premium@NVLink,CPU+GPU+CGRA,13780,1015.7091723101016,4.4510253282539685,100,RTX 5090,Xeon-8ch,1,1,Versal Premium,NVLink,embed
2x8-ch DDR5+RTX 5090+Versal Premium@PCIe4,CPU+GPU+CGRA,16500,1015.7091723101016,5.752715923809523,100,RTX 5090,Xeon-8ch,1,2,Versal Premium,PCIe4,embed
2x8-ch DDR5+RTX 5090+Versal Premium@PCIe5,CPU+GPU+CGRA,16500,1015.7091723101016,5.0645879238095235,100,RTX 5090,Xeon-8ch,1,2,Versal Premium,PCIe5,embed
2x8-ch DDR5+RTX 5090+Versal Premium@NVLink,CPU+GPU+CGRA,16500,1015.7091723101016,4.42539347047619,100,RTX 5090,Xeon-8ch,1,2,Versal Premium,NVLink,embed
1x8-ch DDR5+A100 40GB+U280@PCIe4,CPU+GPU+CGRA,16280,459.103313840156,10.735269797101449,100,A100 40GB,Xeon-8ch,1,1,U280,PCIe4,embed
1x8-ch DDR5+A100 40GB+U280@PCIe5,CPU+GPU+CGRA,16280,459.103313840156,9.948837797101447,100,A100 40GB,Xeon-8ch,1,1,U280,PCIe5,embed
1x8-ch DDR5+A100 40GB+U280@NVLink,CPU+GPU+CGRA,16280,459.103313840156,9.218329850434781,100,A100 40GB,Xeon-8ch,1,1,U280,NVLink,embed
1x8-ch DDR5+A100 40GB+Versal HBM@PCIe4,CPU+GPU+CGRA,18280,612.1377517868746,8.111619014492753,100,A100 40GB,Xeon-8ch,1,1,Versal HBM,PCIe4,embed
1x8-ch DDR5+A100 40GB+Versal HBM@PCIe5,CPU+GPU+CGRA,18280,612.1377517868746,7.521795014492754,100,A100 40GB,Xeon-8ch,1,1,Versal HBM,PCIe5,embed
1x8-ch DDR5+A100 40GB+Versal HBM@NVLink,CPU+GPU+CGRA,18280,612.1377517868746,6.973914054492753,100,A100 40GB,Xeon-8ch,1,1,Versal HBM,NVLink,embed
1x8-ch DDR5+A100 40GB+Versal Premium@PCIe4,CPU+GPU+CGRA,21280,1015.7091723101016,6.370469066666667,100,A100 40GB,Xeon-8ch,1,1,Versal Premium,PCIe4,embed
1x8-ch DDR5+A100 40GB+Versal Premium@PCIe5,CPU+GPU+CGRA,21280,1015.7091723101016,5.321893066666667,100,A100 40GB,Xeon-8ch,1,1,Versal Premium,PCIe5,embed
1x8-ch DDR5+A100 40GB+Versal Premium@NVLink,CPU+GPU+CGRA,21280,1015.7091723101016,4.347882471111111,100,A100 40GB,Xeon-8ch,1,1,Versal Premium,NVLink,embed
2x8-ch DDR5+A100 40GB+Versal Premium@PCIe4,CPU+GPU+CGRA,24000,1015.7091723101016,5.649573066666666,100,A100 40GB,Xeon-8ch,1,2,Versal Premium,PCIe4,embed
2x8-ch DDR5+A100 40GB+Versal Premium@PCIe5,CPU+GPU+CGRA,24000,1015.7091723101016,4.961445066666666,100,A100 40GB,Xeon-8ch,1,2,Versal Premium,PCIe5,embed
2x8-ch DDR5+A100 40GB+Versal Premium@NVLink,CPU+GPU+CGRA,24000,1015.7091723101016,4.322250613333333,100,A100 40GB,Xeon-8ch,1,2,Versal Premium,NVLink,embed
1x8-ch DDR5+A100 80GB+U280@PCIe4,CPU+GPU+CGRA,21280,459.103313840156,10.735269797101449,100,A100 80GB,Xeon-8ch,1,1,U280,PCIe4,embed
1x8-ch DDR5+A100 80GB+U280@PCIe5,CPU+GPU+CGRA,21280,459.103313840156,9.948837797101447,100,A100 80GB,Xeon-8ch,1,1,U280,PCIe5,embed
1x8-ch DDR5+A100 80GB+U280@NVLink,CPU+GPU+CGRA,21280,459.103313840156,9.218329850434781,100,A100 80GB,Xeon-8ch,1,1,U280,NVLink,embed
1x8-ch DDR5+A100 80GB+Versal HBM@PCIe4,CPU+GPU+CGRA,23280,612.1377517868746,8.111619014492753,100,A100 80GB,Xeon-8ch,1,1,Versal HBM,PCIe4,embed
1x8-ch DDR5+A100 80GB+Versal HBM@PCIe5,CPU+GPU+CGRA,23280,612.1377517868746,7.521795014492754,100,A100 80GB,Xeon-8ch,1,1,Versal HBM,PCIe5,embed
1x8-ch DDR5+A100 80GB+Versal HBM@NVLink,CPU+GPU+CGRA,23280,612.1377517868746,6.973914054492753,100,A100 80GB,Xeon-8ch,1,1,Versal HBM,NVLink,embed
1x8-ch DDR5+A100 80GB+Versal Premium@PCIe4,CPU+GPU+CGRA,26280,1015.7091723101016,6.370469066666667,100,A100 80GB,Xeon-8ch,1,1,Versal Premium,PCIe4,embed
1x8-ch DDR5+A100 80GB+Versal Premium@PCIe5,CPU+GPU+CGRA,26280,1015.7091723101016,5.321893066666667,100,A100 80GB,Xeon-8ch,1,1,Versal Premium,PCIe5,embed
1x8-ch DDR5+A100 80GB+Versal Premium@NVLink,CPU+GPU+CGRA,26280,1015.7091723101016,4.347882471111111,100,A100 80GB,Xeon-8ch,1,1,Versal Premium,NVLink,embed
2x8-ch DDR5+A100 80GB+Versal Premium@PCIe4,CPU+GPU+CGRA,29000,1015.7091723101016,5.649573066666666,100,A100 80GB,Xeon-8ch,1,2,Versal Premium,PCIe4,embed
2x8-ch DDR5+A100 80GB+Versal Premium@PCIe5,CPU+GPU+CGRA,29000,1015.7091723101016,4.961445066666666,100,A100 80GB,Xeon-8ch,1,2,Versal Premium,PCIe5,embed
2x8-ch DDR5+A100 80GB+Versal Premium@NVLink,CPU+GPU+CGRA,29000,1015.7091723101016,4.322250613333333,100,A100 80GB,Xeon-8ch,1,2,Versal Premium,NVLink,embed
1x12-ch DDR5+RTX 4060+U280@PCIe4,CPU+GPU+CGRA,8580,689.9016396093372,9.314942222222223,100,RTX 4060,EPYC-12ch,1,1,U280,PCIe4,embed
1x12-ch DDR5+RTX 4060+U280@PCIe5,CPU+GPU+CGRA,8580,689.9016396093372,8.528510222222222,100,RTX 4060,EPYC-12ch,1,1,U280,PCIe5,embed
1x12-ch DDR5+RTX 4060+U280@NVLink,CPU+GPU+CGRA,8580,689.9016396093372,7.798002275555556,100,RTX 4060,EPYC-12ch,1,1,U280,NVLink,embed
1x12-ch DDR5+RTX 4060+Versal HBM@PCIe4,CPU+GPU+CGRA,10580,801.9672004813057,8.2231608,100,RTX 4060,EPYC-12ch,1,1,Versal HBM,PCIe4,embed
1x12-ch DDR5+RTX 4060+Versal HBM@PCIe5,CPU+GPU+CGRA,10580,801.9672004813057,7.5678008000000005,100,RTX 4060,EPYC-12ch,1,1,Versal HBM,PCIe5,embed
1x12-ch DDR5+RTX 4060+Versal HBM@NVLink,CPU+GPU+CGRA,10580,801.9672004813057,6.959044177777779,100,RTX 4060,EPYC-12ch,1,1,Versal HBM,NVLink,embed
1x12-ch DDR5+RTX 4060+Versal Premium@PCIe4,CPU+GPU+CGRA,13580,1015.7091723101016,7.148370399999999,100,RTX 4060,EPYC-12ch,1,1,Versal Premium,PCIe4,embed
1x12-ch DDR5+RTX 4060+Versal Premium@PCIe5,CPU+GPU+CGRA,13580,1015.7091723101016,6.493010399999999,100,RTX 4060,EPYC-12ch,1,1,Versal Premium,PCIe5,embed
1x12-ch DDR5+RTX 4060+Versal Premium@NVLink,CPU+GPU+CGRA,13580,1015.7091723101016,5.8842537777777775,100,RTX 4060,EPYC-12ch,1,1,Versal Premium,NVLink,embed
1x12-ch DDR5+RTX PRO 4500+U280@PCIe4,CPU+GPU+CGRA,8980,689.9016396093372,8.459942222222223,100,RTX PRO 4500,EPYC-12ch,1,1,U280,PCIe4,embed
1x12-ch DDR5+RTX PRO 4500+U280@PCIe5,CPU+GPU+CGRA,8980,689.9016396093372,7.673510222222222,100,RTX PRO 4500,EPYC-12ch,1,1,U280,PCIe5,embed
1x12-ch DDR5+RTX PRO 4500+U280@NVLink,CPU+GPU+CGRA,8980,689.9016396093372,6.943002275555556,100,RTX PRO 4500,EPYC-12ch,1,1,U280,NVLink,embed
1x12-ch DDR5+RTX PRO 4500+Versal HBM@PCIe4,CPU+GPU+CGRA,10980,801.9672004813057,7.3681608,100,RTX PRO 4500,EPYC-12ch,1,1,Versal HBM,PCIe4,embed
1x12-ch DDR5+RTX PRO 4500+Versal HBM@PCIe5,CPU+GPU+CGRA,10980,801.9672004813057,6.7128008,100,RTX PRO 4500,EPYC-12ch,1,1,Versal HBM,PCIe5,embed
1x12-ch DDR5+RTX PRO 4500+Versal HBM@NVLink,CPU+GPU+CGRA,10980,801.9672004813057,6.104044177777778,100,RTX PRO 4500,EPYC-12ch,1,1,Versal HBM,NVLink,embed
1x12-ch DDR5+RTX PRO 4500+Versal Premium@PCIe4,CPU+GPU+CGRA,13980,1015.7091723101016,6.2933704,100,RTX PRO 4500,EPYC-12ch,1,1,Versal Premium,PCIe4,embed
1x12-ch DDR5+RTX PRO 4500+Versal Premium@PCIe5,CPU+GPU+CGRA,13980,1015.7091723101016,5.6380104,100,RTX PRO 4500,EPYC-12ch,1,1,Versal Premium,PCIe5,embed
1x12-ch DDR5+RTX PRO 4500+Versal Premium@NVLink,CPU+GPU+CGRA,13980,1015.7091723101016,5.029253777777778,100,RTX PRO 4500,EPYC-12ch,1,1,Versal Premium,NVLink,embed
1x12-ch DDR5+RTX 4090+U280@PCIe4,CPU+GPU+CGRA,10080,689.9016396093372,7.950186124661247,100,RTX 4090,EPYC-12ch,1,1,U280,PCIe4,embed
1x12-ch DDR5+RTX 4090+U280@PCIe5,CPU+GPU+CGRA,10080,689.9016396093372,7.163754124661247,100,RTX 4090,EPYC-12ch,1,1,U280,PCIe5,embed
1x12-ch DDR5+RTX 4090+U280@NVLink,CPU+GPU+CGRA,10080,689.9016396093372,6.43324617799458,100,RTX 4090,EPYC-12ch,1,1,U280,NVLink,embed
1x12-ch DDR5+RTX 4090+Versal HBM@PCIe4,CPU+GPU+CGRA,12080,801.9672004813057,6.8584047024390244,100,RTX 4090,EPYC-12ch,1,1,Versal HBM,PCIe4,embed
1x12-ch DDR5+RTX 4090+Versal HBM@PCIe5,CPU+GPU+CGRA,12080,801.9672004813057,6.2030447024390245,100,RTX 4090,EPYC-12ch,1,1,Versal HBM,PCIe5,embed
1x12-ch DDR5+RTX 4090+Versal HBM@NVLink,CPU+GPU+CGRA,12080,801.9672004813057,5.594288080216803,100,RTX 4090,EPYC-12ch,1,1,Versal HBM,NVLink,embed
1x12-ch DDR5+RTX 4090+Versal Premium@PCIe4,CPU+GPU+CGRA,15080,1015.7091723101016,5.783614302439024,100,RTX 4090,EPYC-12ch,1,1,Versal Premium,PCIe4,embed
1x12-ch DDR5+RTX 4090+Versal Premium@PCIe5,CPU+GPU+CGRA,15080,1015.7091723101016,5.128254302439024,100,RTX 4090,EPYC-12ch,1,1,Versal Premium,PCIe5,embed
1x12-ch DDR5+RTX 4090+Versal Premium@NVLink,CPU+GPU+CGRA,15080,1015.7091723101016,4.519497680216802,100,RTX 4090,EPYC-12ch,1,1,Versal Premium,NVLink,embed
1x12-ch DDR5+RTX 5090+U280@PCIe4,CPU+GPU+CGRA,10780,689.9016396093372,7.8537517460317465,100,RTX 5090,EPYC-12ch,1,1,U280,PCIe4,embed
1x12-ch DDR5+RTX 5090+U280@PCIe5,CPU+GPU+CGRA,10780,689.9016396093372,7.067319746031746,100,RTX 5090,EPYC-12ch,1,1,U280,PCIe5,embed
1x12-ch DDR5+RTX 5090+U280@NVLink,CPU+GPU+CGRA,10780,689.9016396093372,6.33681179936508,100,RTX 5090,EPYC-12ch,1,1,U280,NVLink,embed
1x12-ch DDR5+RTX 5090+Versal HBM@PCIe4,CPU+GPU+CGRA,12780,801.9672004813057,6.761970323809524,100,RTX 5090,EPYC-12ch,1,1,Versal HBM,PCIe4,embed
1x12-ch DDR5+RTX 5090+Versal HBM@PCIe5,CPU+GPU+CGRA,12780,801.9672004813057,6.106610323809524,100,RTX 5090,EPYC-12ch,1,1,Versal HBM,PCIe5,embed
1x12-ch DDR5+RTX 5090+Versal HBM@NVLink,CPU+GPU+CGRA,12780,801.9672004813057,5.497853701587302,100,RTX 5090,EPYC-12ch,1,1,Versal HBM,NVLink,embed
1x12-ch DDR5+RTX 5090+Versal Premium@PCIe4,CPU+GPU+CGRA,15780,1015.7091723101016,5.6871799238095235,100,RTX 5090,EPYC-12ch,1,1,Versal Premium,PCIe4,embed
1x12-ch DDR5+RTX 5090+Versal Premium@PCIe5,CPU+GPU+CGRA,15780,1015.7091723101016,5.031819923809524,100,RTX 5090,EPYC-12ch,1,1,Versal Premium,PCIe5,embed
1x12-ch DDR5+RTX 5090+Versal Premium@NVLink,CPU+GPU+CGRA,15780,1015.7091723101016,4.423063301587302,100,RTX 5090,EPYC-12ch,1,1,Versal Premium,NVLink,embed
1x12-ch DDR5+A100 40GB+U280@PCIe4,CPU+GPU+CGRA,18280,689.9016396093372,7.750608888888889,100,A100 40GB,EPYC-12ch,1,1,U280,PCIe4,embed
1x12-ch DDR5+A100 40GB+U280@PCIe5,CPU+GPU+CGRA,18280,689.9016396093372,6.964176888888889,100,A100 40GB,EPYC-12ch,1,1,U280,PCIe5,embed
1x12-ch DDR5+A100 40GB+U280@NVLink,CPU+GPU+CGRA,18280,689.9016396093372,6.233668942222223,100,A100 40GB,EPYC-12ch,1,1,U280,NVLink,embed
1x12-ch DDR5+A100 40GB+Versal HBM@PCIe4,CPU+GPU+CGRA,20280,801.9672004813057,6.658827466666667,100,A100 40GB,EPYC-12ch,1,1,Versal HBM,PCIe4,embed
1x12-ch DDR5+A100 40GB+Versal HBM@PCIe5,CPU+GPU+CGRA,20280,801.9672004813057,6.003467466666667,100,A100 40GB,EPYC-12ch,1,1,Versal HBM,PCIe5,embed
1x12-ch DDR5+A100 40GB+Versal HBM@NVLink,CPU+GPU+CGRA,20280,801.9672004813057,5.394710844444445,100,A100 40GB,EPYC-12ch,1,1,Versal HBM,NVLink,embed
1x12-ch DDR5+A100 40GB+Versal Premium@PCIe4,CPU+GPU+CGRA,23280,1015.7091723101016,5.584037066666666,100,A100 40GB,EPYC-12ch,1,1,Versal Premium,PCIe4,embed
1x12-ch DDR5+A100 40GB+Versal Premium@PCIe5,CPU+GPU+CGRA,23280,1015.7091723101016,4.928677066666666,100,A100 40GB,EPYC-12ch,1,1,Versal Premium,PCIe5,embed
1x12-ch DDR5+A100 40GB+Versal Premium@NVLink,CPU+GPU+CGRA,23280,1015.7091723101016,4.319920444444445,100,A100 40GB,EPYC-12ch,1,1,Versal Premium,NVLink,embed
1x12-ch DDR5+A100 80GB+U280@PCIe4,CPU+GPU+CGRA,23280,689.9016396093372,7.750608888888889,100,A100 80GB,EPYC-12ch,1,1,U280,PCIe4,embed
1x12-ch DDR5+A100 80GB+U280@PCIe5,CPU+GPU+CGRA,23280,689.9016396093372,6.964176888888889,100,A100 80GB,EPYC-12ch,1,1,U280,PCIe5,embed
1x12-ch DDR5+A100 80GB+U280@NVLink,CPU+GPU+CGRA,23280,689.9016396093372,6.233668942222223,100,A100 80GB,EPYC-12ch,1,1,U280,NVLink,embed
1x12-ch DDR5+A100 80GB+Versal HBM@PCIe4,CPU+GPU+CGRA,25280,801.9672004813057,6.658827466666667,100,A100 80GB,EPYC-12ch,1,1,Versal HBM,PCIe4,embed
1x12-ch DDR5+A100 80GB+Versal HBM@PCIe5,CPU+GPU+CGRA,25280,801.9672004813057,6.003467466666667,100,A100 80GB,EPYC-12ch,1,1,Versal HBM,PCIe5,embed
1x12-ch DDR5+A100 80GB+Versal HBM@NVLink,CPU+GPU+CGRA,25280,801.9672004813057,5.394710844444445,100,A100 80GB,EPYC-12ch,1,1,Versal HBM,NVLink,embed
1x12-ch DDR5+A100 80GB+Versal Premium@PCIe4,CPU+GPU+CGRA,28280,1015.7091723101016,5.584037066666666,100,A100 80GB,EPYC-12ch,1,1,Versal Premium,PCIe4,embed
1x12-ch DDR5+A100 80GB+Versal Premium@PCIe5,CPU+GPU+CGRA,28280,1015.7091723101016,4.928677066666666,100,A100 80GB,EPYC-12ch,1,1,Versal Premium,PCIe5,embed
1x12-ch DDR5+A100 80GB+Versal Premium@NVLink,CPU+GPU+CGRA,28280,1015.7091723101016,4.319920444444445,100,A100 80GB,EPYC-12ch,1,1,Versal Premium,NVLink,embed
